{"v":"5.9.0","fr":60,"ip":0,"op":241,"w":1000,"h":1000,"nm":"bot 01 12 thanks","ddd":0,"assets":[],"fonts":{"list":[{"origin":3,"fPath":"images/font_0","fClass":"","fFamily":"Roboto","fWeight":"","fStyle":"Regular","fName":"Roboto-Regular","ascent":76}]},"layers":[{"ddd":0,"ind":1,"ty":5,"nm":"HI !","parent":2,"sr":1,"ks":{"o":{"a":1,"k":[{"i":{"x":[0.667],"y":[1]},"o":{"x":[0.333],"y":[0]},"t":205,"s":[100]},{"t":210,"s":[0]}],"ix":11},"r":{"a":0,"k":0,"ix":10},"p":{"a":0,"k":[298.93,-188.22,0],"ix":2,"l":2},"a":{"a":0,"k":[-2.07,-20.22,0],"ix":1,"l":2},"s":{"a":0,"k":[100,100,100],"ix":6,"l":2}},"ao":0,"t":{"d":{"k":[{"s":{"s":67,"f":"Roboto-Regular","t":"HI !!","ca":0,"j":2,"tr":0,"lh":80.4000015258789,"ls":0,"fc":[0,0,0.302],"sc":[0.902,1,0],"sw":1,"of":true},"t":0}]},"p":{},"m":{"g":1,"a":{"a":0,"k":[0,0],"ix":2}},"a":[]},"ip":64,"op":213,"st":-242,"bm":0},{"ddd":0,"ind":2,"ty":4,"nm":"Shape Layer 5","sr":1,"ks":{"o":{"a":1,"k":[{"i":{"x":[0.667],"y":[1]},"o":{"x":[0.333],"y":[0]},"t":205,"s":[100]},{"t":210,"s":[0]}],"ix":11},"r":{"a":0,"k":0,"ix":10},"p":{"a":0,"k":[638.5,446.5,0],"ix":2,"l":2},"a":{"a":0,"k":[138.471,-53.471,0],"ix":1,"l":2},"s":{"a":1,"k":[{"i":{"x":[0.667,0.667,0.667],"y":[1,1,1]},"o":{"x":[0.167,0.167,0.167],"y":[0.167,0.167,0]},"t":64,"s":[0,0,100]},{"i":{"x":[0.667,0.667,0.667],"y":[1,1,1]},"o":{"x":[0.333,0.333,0.333],"y":[0,0,0]},"t":72,"s":[111.901,111.901,100]},{"i":{"x":[0.667,0.667,0.667],"y":[1,1,1]},"o":{"x":[0.333,0.333,0.333],"y":[0,0,0]},"t":81,"s":[96.355,96.355,100]},{"t":92,"s":[100,100,100]}],"ix":6,"l":2}},"ao":0,"shapes":[{"ty":"gr","it":[{"ty":"gr","it":[{"ty":"rc","d":1,"s":{"a":0,"k":[246,182],"ix":2},"p":{"a":0,"k":[0,0],"ix":3},"r":{"a":0,"k":146,"ix":4},"nm":"Rectangle Path 1","mn":"ADBE Vector Shape - Rect","hd":false},{"ind":1,"ty":"sh","ix":2,"ks":{"a":0,"k":{"i":[[0,0],[0,0],[0,0]],"o":[[0,0],[0,0],[0,0]],"v":[[-29.5,54],[-143.5,123],[-84,9.5]],"c":true},"ix":2},"nm":"Path 1","mn":"ADBE Vector Shape - Group","hd":false},{"ty":"tr","p":{"a":0,"k":[0,0],"ix":2},"a":{"a":0,"k":[0,0],"ix":1},"s":{"a":0,"k":[100,100],"ix":3},"r":{"a":0,"k":0,"ix":6},"o":{"a":0,"k":100,"ix":7},"sk":{"a":0,"k":0,"ix":4},"sa":{"a":0,"k":0,"ix":5},"nm":"Transform"}],"nm":"Group 1","np":2,"cix":2,"bm":0,"ix":1,"mn":"ADBE Vector Group","hd":false},{"ty":"fl","c":{"a":0,"k":[1,1,1,1],"ix":4},"o":{"a":0,"k":100,"ix":5},"r":1,"bm":0,"nm":"Fill 1","mn":"ADBE Vector Graphic - Fill","hd":false},{"ty":"st","c":{"a":0,"k":[0,0,0.301960796118,1],"ix":3},"o":{"a":0,"k":100,"ix":4},"w":{"a":0,"k":18,"ix":5},"lc":2,"lj":2,"bm":0,"nm":"Stroke 1","mn":"ADBE Vector Graphic - Stroke","hd":false},{"ty":"tr","p":{"a":0,"k":[294,-189],"ix":2},"a":{"a":0,"k":[0,0],"ix":1},"s":{"a":0,"k":[100,100],"ix":3},"r":{"a":0,"k":0,"ix":6},"o":{"a":0,"k":100,"ix":7},"sk":{"a":0,"k":0,"ix":4},"sa":{"a":0,"k":0,"ix":5},"nm":"Transform"}],"nm":"Rectangle 1","np":3,"cix":2,"bm":0,"ix":1,"mn":"ADBE Vector Group","hd":false}],"ip":64,"op":213,"st":-242,"bm":0},{"ddd":0,"ind":3,"ty":4,"nm":"Shape Layer 7","td":1,"sr":1,"ks":{"o":{"a":0,"k":100,"ix":11},"r":{"a":1,"k":[{"i":{"x":[0.667],"y":[1]},"o":{"x":[0.686],"y":[0]},"t":18,"s":[0]},{"i":{"x":[0.667],"y":[1]},"o":{"x":[0.333],"y":[0]},"t":55.416,"s":[10.5]},{"i":{"x":[0.667],"y":[1]},"o":{"x":[0.333],"y":[0]},"t":82,"s":[-11.377]},{"i":{"x":[0.507],"y":[1]},"o":{"x":[0.333],"y":[0]},"t":108,"s":[8.246]},{"i":{"x":[0.329],"y":[1]},"o":{"x":[0.333],"y":[0]},"t":133,"s":[-5.383]},{"t":174,"s":[0]}],"ix":10},"p":{"a":1,"k":[{"i":{"x":0.57,"y":1},"o":{"x":0.333,"y":0},"t":35,"s":[500,525,0],"to":[0,0,0],"ti":[0,0,0]},{"i":{"x":0.667,"y":1},"o":{"x":0.59,"y":0},"t":55,"s":[500,587,0],"to":[0,0,0],"ti":[0,0,0]},{"i":{"x":0.21,"y":1},"o":{"x":0.333,"y":0},"t":73,"s":[500,505,0],"to":[0,0,0],"ti":[0,0,0]},{"t":107,"s":[500,525,0]}],"ix":2,"l":2},"a":{"a":0,"k":[57.25,13.25,0],"ix":1,"l":2},"s":{"a":0,"k":[250,250,100],"ix":6,"l":2}},"ao":0,"shapes":[{"ty":"gr","it":[{"d":1,"ty":"el","s":{"a":0,"k":[121.5,106.5],"ix":2},"p":{"a":0,"k":[-161,-8],"ix":3},"nm":"Ellipse Path 2","mn":"ADBE Vector Shape - Ellipse","hd":false},{"ty":"fl","c":{"a":0,"k":[0.050980396569,0.192156881094,0.509803950787,1],"ix":4},"o":{"a":0,"k":100,"ix":5},"r":1,"bm":0,"nm":"Fill 2","mn":"ADBE Vector Graphic - Fill","hd":false},{"ty":"tr","p":{"a":1,"k":[{"i":{"x":0.833,"y":0.833},"o":{"x":0.167,"y":0.167},"t":0,"s":[56.5,1],"to":[0,0],"ti":[0,0]},{"i":{"x":0.667,"y":0.667},"o":{"x":0.167,"y":0.167},"t":23,"s":[56.5,1],"to":[0,0],"ti":[0,0]},{"i":{"x":0.39,"y":1},"o":{"x":0.333,"y":0},"t":40,"s":[56.5,1],"to":[0,0],"ti":[0,0]},{"i":{"x":0.22,"y":1},"o":{"x":0.56,"y":0},"t":55,"s":[56.5,25],"to":[0,0],"ti":[0,0]},{"t":81,"s":[56.5,1]}],"ix":2},"a":{"a":0,"k":[-162.75,-2.25],"ix":1},"s":{"a":1,"k":[{"i":{"x":[0.833,0.833],"y":[1,1]},"o":{"x":[0.167,0.167],"y":[0,0]},"t":0,"s":[100,99.364]},{"i":{"x":[0.667,0.667],"y":[1,1]},"o":{"x":[0.167,0.167],"y":[0,0]},"t":23,"s":[100,99.364]},{"i":{"x":[0.39,0.39],"y":[1,1]},"o":{"x":[0.333,0.333],"y":[0,0]},"t":40,"s":[100,99.364]},{"i":{"x":[0.64,0.64],"y":[1,1]},"o":{"x":[0.599,0.599],"y":[0,0]},"t":55,"s":[100,86.364]},{"t":81,"s":[100,99.364]}],"ix":3},"r":{"a":0,"k":0,"ix":6},"o":{"a":0,"k":100,"ix":7},"sk":{"a":0,"k":0,"ix":4},"sa":{"a":0,"k":0,"ix":5},"nm":"Transform"}],"nm":"Ellipse 4","np":2,"cix":2,"bm":0,"ix":1,"mn":"ADBE Vector Group","hd":false}],"ip":0,"op":480,"st":0,"bm":0},{"ddd":0,"ind":4,"ty":4,"nm":"Shape Layer 6","tt":2,"sr":1,"ks":{"o":{"a":0,"k":100,"ix":11},"r":{"a":1,"k":[{"i":{"x":[0.667],"y":[1]},"o":{"x":[0.686],"y":[0]},"t":18,"s":[0]},{"i":{"x":[0.667],"y":[1]},"o":{"x":[0.333],"y":[0]},"t":55.416,"s":[10.5]},{"i":{"x":[0.667],"y":[1]},"o":{"x":[0.333],"y":[0]},"t":82,"s":[-11.377]},{"i":{"x":[0.507],"y":[1]},"o":{"x":[0.333],"y":[0]},"t":108,"s":[8.246]},{"i":{"x":[0.329],"y":[1]},"o":{"x":[0.333],"y":[0]},"t":133,"s":[-5.383]},{"t":174,"s":[0]}],"ix":10},"p":{"a":1,"k":[{"i":{"x":0.57,"y":1},"o":{"x":0.333,"y":0},"t":35,"s":[500,525,0],"to":[0,0,0],"ti":[0,0,0]},{"i":{"x":0.667,"y":1},"o":{"x":0.59,"y":0},"t":55,"s":[500,587,0],"to":[0,0,0],"ti":[0,0,0]},{"i":{"x":0.21,"y":1},"o":{"x":0.333,"y":0},"t":73,"s":[500,505,0],"to":[0,0,0],"ti":[0,0,0]},{"t":107,"s":[500,525,0]}],"ix":2,"l":2},"a":{"a":0,"k":[57.25,13.25,0],"ix":1,"l":2},"s":{"a":0,"k":[250,250,100],"ix":6,"l":2}},"ao":0,"shapes":[{"ty":"gr","it":[{"ind":0,"ty":"sh","ix":1,"ks":{"a":0,"k":{"i":[[-38.246,0],[0,-38.246],[38.246,0],[12.551,12.678],[0,0],[0.306,6.54],[0,8.611]],"o":[[38.246,0],[0,38.246],[-19.249,0],[-5.535,0.032],[0,0],[-2.872,-7.605],[0,-38.246]],"v":[[0,-69.25],[69.25,0],[0,69.25],[-49.215,48.718],[-64.546,48.81],[-64.806,24.46],[-69.25,0]],"c":true},"ix":2},"nm":"Path 1","mn":"ADBE Vector Shape - Group","hd":false},{"ty":"st","c":{"a":0,"k":[0,0,0.301960796118,1],"ix":3},"o":{"a":0,"k":100,"ix":4},"w":{"a":0,"k":4,"ix":5},"lc":1,"lj":1,"ml":4,"bm":0,"nm":"Stroke 1","mn":"ADBE Vector Graphic - Stroke","hd":false},{"ty":"fl","c":{"a":0,"k":[0.992156922817,1,1,1],"ix":4},"o":{"a":0,"k":100,"ix":5},"r":1,"bm":0,"nm":"Fill 1","mn":"ADBE Vector Graphic - Fill","hd":false},{"ty":"tr","p":{"a":0,"k":[57.25,2.75],"ix":2},"a":{"a":0,"k":[0,0],"ix":1},"s":{"a":0,"k":[100,100],"ix":3},"r":{"a":0,"k":0,"ix":6},"o":{"a":0,"k":100,"ix":7},"sk":{"a":0,"k":0,"ix":4},"sa":{"a":0,"k":0,"ix":5},"nm":"Transform"}],"nm":"Ellipse 1","np":3,"cix":2,"bm":0,"ix":1,"mn":"ADBE Vector Group","hd":false},{"ty":"gr","it":[{"d":1,"ty":"el","s":{"a":0,"k":[24.5,24.5],"ix":2},"p":{"a":0,"k":[0,0],"ix":3},"nm":"Ellipse Path 2","mn":"ADBE Vector Shape - Ellipse","hd":false},{"ty":"st","c":{"a":0,"k":[0,0,0.301960796118,1],"ix":3},"o":{"a":0,"k":100,"ix":4},"w":{"a":0,"k":4,"ix":5},"lc":2,"lj":2,"bm":0,"nm":"Stroke 1","mn":"ADBE Vector Graphic - Stroke","hd":false},{"ty":"gr","it":[{"ind":0,"ty":"sh","ix":1,"ks":{"a":0,"k":{"i":[[-2.684,-2.989],[-3.869,0.801],[4.156,5.339],[-5.339,4.156]],"o":[[2.991,3.33],[-3.953,5.49],[-4.156,-5.339],[-0.327,5.859]],"v":[[-3.99,3.689],[9.685,7.392],[-9.69,7.645],[-7.548,-9.546]],"c":true},"ix":2},"nm":"Path 1","mn":"ADBE Vector Shape - Group","hd":false},{"ty":"fl","c":{"a":0,"k":[0.211764723063,0.77254909277,0.996078491211,1],"ix":4},"o":{"a":0,"k":100,"ix":5},"r":1,"bm":0,"nm":"Fill 1","mn":"ADBE Vector Graphic - Fill","hd":false},{"d":1,"ty":"el","s":{"a":0,"k":[24.5,24.5],"ix":2},"p":{"a":0,"k":[0,0],"ix":3},"nm":"Ellipse Path 2","mn":"ADBE Vector Shape - Ellipse","hd":false},{"ty":"fl","c":{"a":0,"k":[0.992156922817,1,1,1],"ix":4},"o":{"a":0,"k":100,"ix":5},"r":1,"bm":0,"nm":"Fill 2","mn":"ADBE Vector Graphic - Fill","hd":false},{"ty":"tr","p":{"a":0,"k":[0,0],"ix":2},"a":{"a":0,"k":[0,0],"ix":1},"s":{"a":0,"k":[100,100],"ix":3},"r":{"a":0,"k":0,"ix":6},"o":{"a":0,"k":100,"ix":7},"sk":{"a":0,"k":0,"ix":4},"sa":{"a":0,"k":0,"ix":5},"nm":"Transform"}],"nm":"Group 2","np":4,"cix":2,"bm":0,"ix":3,"mn":"ADBE Vector Group","hd":false},{"ind":3,"ty":"sh","ix":4,"ks":{"a":1,"k":[{"i":{"x":0.833,"y":1},"o":{"x":0.167,"y":0},"t":23,"s":[{"i":[[0,0],[0.024,9.29]],"o":[[0,0],[-0.226,-10.804]],"v":[[0.496,33.75],[0.476,-0.841]],"c":false}]},{"i":{"x":0.833,"y":1},"o":{"x":0.167,"y":0},"t":46,"s":[{"i":[[0,0],[13.049,20.428]],"o":[[0,0],[-0.226,-10.804]],"v":[[0.496,33.75],[0.476,-0.841]],"c":false}]},{"i":{"x":0.833,"y":1},"o":{"x":0.167,"y":0},"t":61,"s":[{"i":[[0,0],[-11.575,13.793]],"o":[[0,0],[-0.226,-10.804]],"v":[[0.496,33.75],[0.476,-0.841]],"c":false}]},{"i":{"x":0.833,"y":1},"o":{"x":0.167,"y":0},"t":78,"s":[{"i":[[0,0],[-18.077,18.228]],"o":[[0,0],[-0.226,-10.804]],"v":[[0.496,33.75],[0.476,-0.841]],"c":false}]},{"i":{"x":0.833,"y":1},"o":{"x":0.167,"y":0},"t":94,"s":[{"i":[[0,0],[13.049,20.428]],"o":[[0,0],[-0.226,-10.804]],"v":[[0.496,33.75],[0.476,-0.841]],"c":false}]},{"i":{"x":0.833,"y":1},"o":{"x":0.167,"y":0},"t":110,"s":[{"i":[[0,0],[13.049,20.428]],"o":[[0,0],[-0.226,-10.804]],"v":[[0.496,33.75],[0.476,-0.841]],"c":false}]},{"i":{"x":0.833,"y":1},"o":{"x":0.167,"y":0},"t":126,"s":[{"i":[[0,0],[-11.575,13.793]],"o":[[0,0],[-0.226,-10.804]],"v":[[0.496,33.75],[0.476,-0.841]],"c":false}]},{"i":{"x":0.833,"y":1},"o":{"x":0.167,"y":0},"t":140,"s":[{"i":[[0,0],[-15.782,16.663]],"o":[[0,0],[-0.226,-10.804]],"v":[[0.496,33.75],[0.476,-0.841]],"c":false}]},{"i":{"x":0,"y":1},"o":{"x":0.167,"y":0},"t":156,"s":[{"i":[[0,0],[5.462,19.437]],"o":[[0,0],[-0.226,-10.804]],"v":[[0.496,33.75],[0.476,-0.841]],"c":false}]},{"t":177,"s":[{"i":[[0,0],[0.024,9.29]],"o":[[0,0],[-0.226,-10.804]],"v":[[0.496,33.75],[0.476,-0.841]],"c":false}]}],"ix":2},"nm":"Path 1","mn":"ADBE Vector Shape - Group","hd":false},{"ty":"st","c":{"a":0,"k":[0,0,0.301960796118,1],"ix":3},"o":{"a":0,"k":100,"ix":4},"w":{"a":0,"k":4,"ix":5},"lc":2,"lj":2,"bm":0,"nm":"Stroke 2","mn":"ADBE Vector Graphic - Stroke","hd":false},{"ty":"tr","p":{"a":1,"k":[{"i":{"x":0.833,"y":0.833},"o":{"x":0.167,"y":0.167},"t":0,"s":[57,-43.5],"to":[0,0],"ti":[0,0]},{"i":{"x":0.833,"y":0.833},"o":{"x":0.167,"y":0.167},"t":23,"s":[57,-43.5],"to":[0,0],"ti":[0,0]},{"i":{"x":0.833,"y":0.833},"o":{"x":0.167,"y":0.167},"t":46,"s":[57,-43.5],"to":[0,0],"ti":[0,0]},{"i":{"x":0.833,"y":0.833},"o":{"x":0.167,"y":0.167},"t":78,"s":[57,-43.5],"to":[0,0],"ti":[0,0]},{"i":{"x":0.833,"y":0.833},"o":{"x":0.167,"y":0.167},"t":110,"s":[57,-43.5],"to":[0,0],"ti":[0,0]},{"i":{"x":0,"y":0},"o":{"x":0.167,"y":0.167},"t":140,"s":[57,-43.5],"to":[0,0],"ti":[0,0]},{"t":177,"s":[57,-43.5]}],"ix":2},"a":{"a":0,"k":[0.25,49.75],"ix":1},"s":{"a":0,"k":[100,100],"ix":3},"r":{"a":1,"k":[{"i":{"x":[0.833],"y":[1]},"o":{"x":[0.167],"y":[0]},"t":0,"s":[0]},{"i":{"x":[0.585],"y":[1]},"o":{"x":[0.24],"y":[0]},"t":23,"s":[0]},{"i":{"x":[0.655],"y":[1.08]},"o":{"x":[0.321],"y":[0]},"t":46,"s":[0]},{"i":{"x":[0.585],"y":[1]},"o":{"x":[0.322],"y":[0.083]},"t":61,"s":[30.211]},{"i":{"x":[0.885],"y":[0.686]},"o":{"x":[0.321],"y":[0]},"t":94,"s":[-30]},{"i":{"x":[0.655],"y":[1.07]},"o":{"x":[0.194],"y":[0.331]},"t":110,"s":[-6.905]},{"i":{"x":[0.66],"y":[0.514]},"o":{"x":[0.326],"y":[0.072]},"t":126,"s":[30.211]},{"i":{"x":[0],"y":[1]},"o":{"x":[0.344],"y":[61.095]},"t":140,"s":[0.495]},{"i":{"x":[0.7],"y":[1]},"o":{"x":[0.333],"y":[0]},"t":169,"s":[0]},{"i":{"x":[0.143],"y":[1]},"o":{"x":[0.333],"y":[0]},"t":174,"s":[0]},{"i":{"x":[0.667],"y":[1]},"o":{"x":[0.167],"y":[0]},"t":181,"s":[0]},{"i":{"x":[0.667],"y":[1]},"o":{"x":[0.333],"y":[0]},"t":186,"s":[5]},{"i":{"x":[0.667],"y":[1]},"o":{"x":[0.333],"y":[0]},"t":192,"s":[-5.471]},{"i":{"x":[0.667],"y":[1]},"o":{"x":[0.333],"y":[0]},"t":200,"s":[5.921]},{"i":{"x":[0.667],"y":[1]},"o":{"x":[0.333],"y":[0]},"t":207,"s":[-3.974]},{"i":{"x":[0.667],"y":[1]},"o":{"x":[0.333],"y":[0]},"t":215,"s":[3.503]},{"t":229,"s":[0]}],"ix":6},"o":{"a":0,"k":100,"ix":7},"sk":{"a":0,"k":0,"ix":4},"sa":{"a":0,"k":0,"ix":5},"nm":"Transform"}],"nm":"Ellipse 3","np":5,"cix":2,"bm":0,"ix":2,"mn":"ADBE Vector Group","hd":false}],"ip":0,"op":480,"st":0,"bm":0},{"ddd":0,"ind":5,"ty":4,"nm":"Shape Layer 3","sr":1,"ks":{"o":{"a":0,"k":100,"ix":11},"r":{"a":1,"k":[{"i":{"x":[0.667],"y":[1]},"o":{"x":[0.686],"y":[0]},"t":18,"s":[0]},{"i":{"x":[0.667],"y":[1]},"o":{"x":[0.333],"y":[0]},"t":55.416,"s":[10.5]},{"i":{"x":[0.667],"y":[1]},"o":{"x":[0.333],"y":[0]},"t":82,"s":[-11.377]},{"i":{"x":[0.507],"y":[1]},"o":{"x":[0.333],"y":[0]},"t":108,"s":[8.246]},{"i":{"x":[0.329],"y":[1]},"o":{"x":[0.333],"y":[0]},"t":133,"s":[-5.383]},{"t":174,"s":[0]}],"ix":10},"p":{"a":1,"k":[{"i":{"x":0.57,"y":1},"o":{"x":0.333,"y":0},"t":35,"s":[500,525,0],"to":[0,0,0],"ti":[0,0,0]},{"i":{"x":0.667,"y":1},"o":{"x":0.59,"y":0},"t":55,"s":[500,587,0],"to":[0,0,0],"ti":[0,0,0]},{"i":{"x":0.21,"y":1},"o":{"x":0.333,"y":0},"t":73,"s":[500,505,0],"to":[0,0,0],"ti":[0,0,0]},{"t":107,"s":[500,525,0]}],"ix":2,"l":2},"a":{"a":0,"k":[57.25,13.25,0],"ix":1,"l":2},"s":{"a":0,"k":[250,250,100],"ix":6,"l":2}},"ao":0,"shapes":[{"ty":"gr","it":[{"ty":"gr","it":[{"ty":"gr","it":[{"ind":0,"ty":"sh","ix":1,"ks":{"a":1,"k":[{"i":{"x":0,"y":1},"o":{"x":0.333,"y":0},"t":43,"s":[{"i":[[-4.142,0],[-1.213,-0.843],[0.805,-2.128],[-0.227,-0.25],[0,-1.943]],"o":[[1.589,0],[0.188,0.13],[0.868,-0.566],[1.212,1.332],[0,0]],"v":[[0,-15.25],[4.276,-13.912],[3.195,-10.309],[5.55,-12.795],[7.5,-7.75]],"c":false}]},{"i":{"x":0.833,"y":1},"o":{"x":0.7,"y":0},"t":61,"s":[{"i":[[-4.142,0],[-1.213,-0.031],[0.805,-0.077],[-0.227,-0.009],[0,-0.07]],"o":[[1.589,0],[0.188,0.005],[0.868,-0.021],[1.212,0.048],[0,0]],"v":[[0,-0.553],[4.276,-0.505],[3.195,-0.374],[5.55,-0.464],[7.5,-0.281]],"c":false}]},{"i":{"x":0.833,"y":1},"o":{"x":0.167,"y":0},"t":73,"s":[{"i":[[-4.142,0],[-1.213,-0.843],[0.805,-2.128],[-0.227,-0.25],[0,-1.943]],"o":[[1.589,0],[0.188,0.13],[0.868,-0.566],[1.212,1.332],[0,0]],"v":[[0.033,-13.575],[4.309,-12.237],[3.227,-8.634],[5.582,-11.12],[7.533,-6.075]],"c":false}]},{"i":{"x":0,"y":1},"o":{"x":0.167,"y":0},"t":93,"s":[{"i":[[-4.142,0],[-1.213,-0.843],[0.805,-2.128],[-0.227,-0.25],[0,-1.943]],"o":[[1.589,0],[0.188,0.13],[0.868,-0.566],[1.212,1.332],[0,0]],"v":[[0.065,-11.887],[4.341,-10.55],[3.26,-6.946],[5.615,-9.432],[7.565,-4.387]],"c":false}]},{"i":{"x":0.22,"y":1},"o":{"x":0.333,"y":0},"t":190,"s":[{"i":[[-4.142,0],[-1.213,-0.843],[0.805,-2.128],[-0.227,-0.25],[0,-1.943]],"o":[[1.589,0],[0.188,0.13],[0.868,-0.566],[1.212,1.332],[0,0]],"v":[[0.065,-11.887],[4.341,-10.55],[3.26,-6.946],[5.615,-9.432],[7.565,-4.387]],"c":false}]},{"t":214,"s":[{"i":[[-4.142,0],[-1.213,-0.843],[0.805,-2.128],[-0.227,-0.25],[0,-1.943]],"o":[[1.589,0],[0.188,0.13],[0.868,-0.566],[1.212,1.332],[0,0]],"v":[[0,-15.25],[4.276,-13.912],[3.195,-10.309],[5.55,-12.795],[7.5,-7.75]],"c":false}]}],"ix":2},"nm":"Path 1","mn":"ADBE Vector Shape - Group","hd":false},{"ind":1,"ty":"sh","ix":2,"ks":{"a":1,"k":[{"i":{"x":0,"y":1},"o":{"x":0.333,"y":0},"t":43,"s":[{"i":[[0,-4.142],[0,0],[4.142,0],[0,4.142],[0,0],[-4.142,0]],"o":[[0,0],[0,4.142],[-4.142,0],[0,0],[0,-4.142],[4.142,0]],"v":[[7.5,-7.75],[7.5,7.75],[0,15.25],[-7.5,7.75],[-7.5,-7.75],[0,-15.25]],"c":true}]},{"i":{"x":0.833,"y":1},"o":{"x":0.7,"y":0},"t":61,"s":[{"i":[[0,-0.15],[0,0],[4.142,0],[0,0.15],[0,0],[-4.142,0]],"o":[[0,0],[0,0.15],[-4.142,0],[0,0],[0,-0.15],[4.142,0]],"v":[[7.5,-0.281],[7.5,0.281],[0,0.553],[-7.5,0.281],[-7.5,-0.281],[0,-0.553]],"c":true}]},{"i":{"x":0.833,"y":1},"o":{"x":0.167,"y":0},"t":73,"s":[{"i":[[0,-4.142],[0,0],[4.142,0],[0,4.142],[0,0],[-4.142,0]],"o":[[0,0],[0,4.142],[-4.142,0],[0,0],[0,-4.142],[4.142,0]],"v":[[7.533,-6.075],[7.474,4.687],[0.062,8.043],[-7.526,4.687],[-7.467,-6.075],[0.033,-13.575]],"c":true}]},{"i":{"x":0,"y":1},"o":{"x":0.167,"y":0},"t":93,"s":[{"i":[[0,-4.142],[0,0],[4.142,0],[0,4.142],[0,0],[-4.142,0]],"o":[[0,0],[0,4.142],[-4.142,0],[0,0],[0,-4.142],[4.142,0]],"v":[[7.565,-4.387],[7.589,4.166],[0.266,3.347],[-7.411,4.166],[-7.435,-4.387],[0.065,-11.887]],"c":true}]},{"i":{"x":0.22,"y":1},"o":{"x":0.333,"y":0},"t":190,"s":[{"i":[[0,-4.142],[0,0],[4.142,0],[0,4.142],[0,0],[-4.142,0]],"o":[[0,0],[0,4.142],[-4.142,0],[0,0],[0,-4.142],[4.142,0]],"v":[[7.565,-4.387],[7.447,1.6],[0.124,0.781],[-7.553,1.6],[-7.435,-4.387],[0.065,-11.887]],"c":true}]},{"t":214,"s":[{"i":[[0,-4.142],[0,0],[4.142,0],[0,4.142],[0,0],[-4.142,0]],"o":[[0,0],[0,4.142],[-4.142,0],[0,0],[0,-4.142],[4.142,0]],"v":[[7.5,-7.75],[7.5,7.75],[0,15.25],[-7.5,7.75],[-7.5,-7.75],[0,-15.25]],"c":true}]}],"ix":2},"nm":"Path 2","mn":"ADBE Vector Shape - Group","hd":false},{"ty":"st","c":{"a":0,"k":[0,0,0.301961004734,1],"ix":3},"o":{"a":0,"k":100,"ix":4},"w":{"a":0,"k":4,"ix":5},"lc":1,"lj":1,"ml":4,"bm":0,"nm":"Stroke 1","mn":"ADBE Vector Graphic - Stroke","hd":false},{"ty":"tr","p":{"a":0,"k":[0,0],"ix":2},"a":{"a":0,"k":[0,0],"ix":1},"s":{"a":0,"k":[100,100],"ix":3},"r":{"a":0,"k":0,"ix":6},"o":{"a":0,"k":100,"ix":7},"sk":{"a":0,"k":0,"ix":4},"sa":{"a":0,"k":0,"ix":5},"nm":"Transform"}],"nm":"Group 3","np":3,"cix":2,"bm":0,"ix":1,"mn":"ADBE Vector Group","hd":false},{"ty":"gr","it":[{"ind":0,"ty":"sh","ix":1,"ks":{"a":1,"k":[{"i":{"x":0,"y":1},"o":{"x":0.333,"y":0},"t":43,"s":[{"i":[[0,-5.523],[1.437,-1.732],[1.899,1.107],[0,1.513],[0.009,2.045],[-0.756,0]],"o":[[0,2.426],[-0.93,1.15],[-2.566,-1.496],[0,-4.767],[0.708,-0.159],[5.523,0]],"v":[[5,8],[2.7,14.381],[-3.894,14.283],[-7.212,8.354],[-7.2,-1.757],[-5,-2]],"c":true}]},{"i":{"x":0.833,"y":1},"o":{"x":0.7,"y":0},"t":61,"s":[{"i":[[0,-0.223],[1.437,-0.07],[1.899,0.045],[0,0.061],[0.009,0.083],[-0.756,0]],"o":[[0,0.098],[-0.93,0.046],[-2.566,-0.06],[0,-0.193],[0.708,-0.006],[5.523,0]],"v":[[5,0.929],[2.7,1.186],[-3.894,1.182],[-7.212,0.943],[-7.2,0.535],[-5,0.525]],"c":true}]},{"i":{"x":0.833,"y":1},"o":{"x":0.167,"y":0},"t":73,"s":[{"i":[[0,-5.523],[1.305,-0.704],[1.898,0.003],[0,1.513],[0.009,2.045],[-0.755,0.03]],"o":[[-0.54,0.935],[-1.176,0.377],[-1.993,-0.338],[0,-4.767],[0.708,-0.159],[5.737,-0.238]],"v":[[4.962,5.069],[2.177,7.593],[-3.601,7.881],[-7.251,5.423],[-7.167,-3.41],[-5.056,-4.358]],"c":true}]},{"i":{"x":0,"y":1},"o":{"x":0.167,"y":0},"t":93,"s":[{"i":[[0,-5.523],[1.172,0.331],[1.898,-1.109],[0,1.513],[0.009,2.045],[-0.756,0]],"o":[[-1.084,-0.566],[-1.423,-0.402],[-1.416,0.827],[0,-4.767],[0.708,-0.159],[5.523,0]],"v":[[5.065,4.681],[1.792,3.319],[-3.165,3.996],[-7.147,5.035],[-7.134,-5.076],[-4.935,-5.319]],"c":true}]},{"i":{"x":0.22,"y":1},"o":{"x":0.333,"y":0},"t":190,"s":[{"i":[[0,-5.523],[1.172,0.331],[1.898,-1.109],[0,1.513],[0.009,2.045],[-0.753,0.06]],"o":[[-1.084,-0.566],[-1.423,-0.402],[-1.416,0.827],[0,-4.767],[0.708,-0.159],[5.952,-0.478]],"v":[[4.923,2.115],[1.65,0.753],[-3.307,1.43],[-7.289,2.469],[-7.134,-5.076],[-5.112,-6.735]],"c":true}]},{"t":214,"s":[{"i":[[0,-5.523],[1.437,-1.732],[1.899,1.107],[0,1.513],[0.009,2.045],[-0.756,0]],"o":[[0,2.426],[-0.93,1.15],[-2.566,-1.496],[0,-4.767],[0.708,-0.159],[5.523,0]],"v":[[5,8],[2.7,14.381],[-3.894,14.283],[-7.212,8.354],[-7.2,-1.757],[-5,-2]],"c":true}]}],"ix":2},"nm":"Path 1","mn":"ADBE Vector Shape - Group","hd":false},{"ty":"fl","c":{"a":0,"k":[0.835294127464,0.953058838844,1,1],"ix":4},"o":{"a":0,"k":60,"ix":5},"r":1,"bm":0,"nm":"Fill 2","mn":"ADBE Vector Graphic - Fill","hd":false},{"ind":2,"ty":"sh","ix":3,"ks":{"a":1,"k":[{"i":{"x":0,"y":1},"o":{"x":0.333,"y":0},"t":43,"s":[{"i":[[0,-4.142],[0,0],[4.142,0],[0,4.142],[0,0],[-4.142,0]],"o":[[0,0],[0,4.142],[-4.142,0],[0,0],[0,-4.142],[4.142,0]],"v":[[7.5,-7.75],[7.5,7.75],[0,15.25],[-7.5,7.75],[-7.5,-7.75],[0,-15.25]],"c":true}]},{"i":{"x":0.833,"y":1},"o":{"x":0.7,"y":0},"t":61,"s":[{"i":[[0,-0.15],[0,0],[4.142,0],[0,0.15],[0,0],[-4.142,0]],"o":[[0,0],[0,0.15],[-4.142,0],[0,0],[0,-0.15],[4.142,0]],"v":[[7.5,-0.281],[7.5,0.281],[0,0.553],[-7.5,0.281],[-7.5,-0.281],[0,-0.553]],"c":true}]},{"i":{"x":0.833,"y":1},"o":{"x":0.167,"y":0},"t":73,"s":[{"i":[[0,-4.142],[0,0],[4.142,0],[0,4.142],[0,0],[-4.142,0]],"o":[[0,0],[0,4.142],[-4.142,0],[0,0],[0,-4.142],[4.142,0]],"v":[[7.533,-6.075],[7.474,4.687],[0.062,8.043],[-7.526,4.687],[-7.467,-6.075],[0.033,-13.575]],"c":true}]},{"i":{"x":0,"y":1},"o":{"x":0.167,"y":0},"t":93,"s":[{"i":[[0,-4.142],[0,0],[4.142,0],[0,4.142],[0,0],[-4.142,0]],"o":[[0,0],[0,4.142],[-4.142,0],[0,0],[0,-4.142],[4.142,0]],"v":[[7.565,-4.387],[7.589,4.166],[0.266,3.347],[-7.411,4.166],[-7.435,-4.387],[0.065,-11.887]],"c":true}]},{"i":{"x":0.22,"y":1},"o":{"x":0.333,"y":0},"t":190,"s":[{"i":[[0,-4.142],[0,0],[4.142,0],[0,4.142],[0,0],[-4.142,0]],"o":[[0,0],[0,4.142],[-4.142,0],[0,0],[0,-4.142],[4.142,0]],"v":[[7.565,-4.387],[7.447,1.6],[0.124,0.781],[-7.553,1.6],[-7.435,-4.387],[0.065,-11.887]],"c":true}]},{"t":214,"s":[{"i":[[0,-4.142],[0,0],[4.142,0],[0,4.142],[0,0],[-4.142,0]],"o":[[0,0],[0,4.142],[-4.142,0],[0,0],[0,-4.142],[4.142,0]],"v":[[7.5,-7.75],[7.5,7.75],[0,15.25],[-7.5,7.75],[-7.5,-7.75],[0,-15.25]],"c":true}]}],"ix":2},"nm":"Path 2","mn":"ADBE Vector Shape - Group","hd":false},{"ty":"fl","c":{"a":0,"k":[0.211764723063,0.77254909277,0.996078491211,1],"ix":4},"o":{"a":0,"k":100,"ix":5},"r":1,"bm":0,"nm":"Fill 1","mn":"ADBE Vector Graphic - Fill","hd":false},{"ty":"tr","p":{"a":0,"k":[0,0],"ix":2},"a":{"a":0,"k":[0,0],"ix":1},"s":{"a":0,"k":[100,100],"ix":3},"r":{"a":0,"k":0,"ix":6},"o":{"a":0,"k":100,"ix":7},"sk":{"a":0,"k":0,"ix":4},"sa":{"a":0,"k":0,"ix":5},"nm":"Transform"}],"nm":"Group 4","np":4,"cix":2,"bm":0,"ix":2,"mn":"ADBE Vector Group","hd":false},{"ty":"tr","p":{"a":0,"k":[0,0],"ix":2},"a":{"a":0,"k":[0,0],"ix":1},"s":{"a":0,"k":[113,113],"ix":3},"r":{"a":0,"k":0,"ix":6},"o":{"a":0,"k":100,"ix":7},"sk":{"a":0,"k":0,"ix":4},"sa":{"a":0,"k":0,"ix":5},"nm":"Transform"}],"nm":"eyes","np":2,"cix":2,"bm":0,"ix":1,"mn":"ADBE Vector Group","hd":false},{"ty":"rp","c":{"a":0,"k":2,"ix":1},"o":{"a":0,"k":0,"ix":2},"m":1,"ix":2,"tr":{"ty":"tr","p":{"a":0,"k":[28,0],"ix":2},"a":{"a":0,"k":[0,0],"ix":1},"s":{"a":0,"k":[100,100],"ix":3},"r":{"a":0,"k":0,"ix":4},"so":{"a":0,"k":100,"ix":5},"eo":{"a":0,"k":100,"ix":6},"nm":"Transform"},"nm":"Repeater 1","mn":"ADBE Vector Filter - Repeater","hd":false},{"ty":"gr","it":[{"d":1,"ty":"el","s":{"a":0,"k":[32,32],"ix":2},"p":{"a":0,"k":[0,0],"ix":3},"nm":"Ellipse Path 1","mn":"ADBE Vector Shape - Ellipse","hd":false},{"d":1,"ty":"el","s":{"a":0,"k":[32,32],"ix":2},"p":{"a":0,"k":[49,0],"ix":3},"nm":"Ellipse Path 2","mn":"ADBE Vector Shape - Ellipse","hd":false},{"ty":"fl","c":{"a":1,"k":[{"i":{"x":[0.667],"y":[1]},"o":{"x":[0.333],"y":[0]},"t":72,"s":[0.079231061041,0.249120771885,0.631372570992,1]},{"i":{"x":[0.667],"y":[1]},"o":{"x":[0.167],"y":[0]},"t":86,"s":[0.970703482628,0.501960754395,1,1]},{"i":{"x":[0.667],"y":[1]},"o":{"x":[0.167],"y":[0]},"t":189,"s":[0.970703482628,0.501960754395,1,1]},{"t":203,"s":[0.079231061041,0.249120771885,0.631372570992,1]}],"ix":4},"o":{"a":1,"k":[{"i":{"x":[0.17],"y":[1]},"o":{"x":[0.167],"y":[0.167]},"t":66,"s":[0]},{"i":{"x":[0.667],"y":[1]},"o":{"x":[0.167],"y":[0]},"t":86,"s":[22.132]},{"i":{"x":[0.667],"y":[1]},"o":{"x":[0.333],"y":[0]},"t":190,"s":[22.132]},{"t":210,"s":[0]}],"ix":5},"r":1,"bm":0,"nm":"Fill 1","mn":"ADBE Vector Graphic - Fill","hd":false},{"ty":"tr","p":{"a":0,"k":[-9.5,13],"ix":2},"a":{"a":0,"k":[1,0],"ix":1},"s":{"a":0,"k":[100,100],"ix":3},"r":{"a":0,"k":0,"ix":6},"o":{"a":0,"k":100,"ix":7},"sk":{"a":0,"k":0,"ix":4},"sa":{"a":0,"k":0,"ix":5},"nm":"Transform"}],"nm":"Ellipse 1","np":3,"cix":2,"bm":0,"ix":3,"mn":"ADBE Vector Group","hd":false},{"ty":"tr","p":{"a":1,"k":[{"i":{"x":0.579,"y":1},"o":{"x":0.167,"y":0},"t":0,"s":[56.25,-7],"to":[0,1.5],"ti":[0,-0.19]},{"i":{"x":0.39,"y":1},"o":{"x":0.167,"y":0},"t":40,"s":[56.25,-7],"to":[0,1.5],"ti":[0,0]},{"i":{"x":0.667,"y":1},"o":{"x":0.56,"y":0},"t":55,"s":[56.25,41],"to":[0,0],"ti":[0,-3.731]},{"i":{"x":0.21,"y":1},"o":{"x":0.333,"y":0},"t":73,"s":[56.25,-17.131],"to":[0,0.54],"ti":[0,-0.19]},{"t":105,"s":[56.25,-7]}],"ix":2},"a":{"a":0,"k":[13.75,0],"ix":1},"s":{"a":0,"k":[100,100],"ix":3},"r":{"a":0,"k":0,"ix":6},"o":{"a":0,"k":100,"ix":7},"sk":{"a":0,"k":0,"ix":4},"sa":{"a":0,"k":0,"ix":5},"nm":"Transform"}],"nm":"eyes","np":3,"cix":2,"bm":0,"ix":1,"mn":"ADBE Vector Group","hd":false},{"ty":"gr","it":[{"d":1,"ty":"el","s":{"a":0,"k":[121.5,106.5],"ix":2},"p":{"a":0,"k":[-161,-8],"ix":3},"nm":"Ellipse Path 1","mn":"ADBE Vector Shape - Ellipse","hd":false},{"d":3,"ty":"el","s":{"a":0,"k":[121.5,106.5],"ix":2},"p":{"a":1,"k":[{"i":{"x":0.07,"y":1},"o":{"x":0.46,"y":0},"t":40,"s":[-161,0],"to":[0,-2.333],"ti":[0,0]},{"i":{"x":0.33,"y":1},"o":{"x":0.56,"y":0},"t":55,"s":[-161,-14],"to":[0,0],"ti":[0,-2.333]},{"t":81,"s":[-161,0]}],"ix":3},"nm":"Ellipse Path 3","mn":"ADBE Vector Shape - Ellipse","hd":false},{"ty":"fl","c":{"a":0,"k":[0.105882361531,0.388235330582,0.674509823322,1],"ix":4},"o":{"a":0,"k":100,"ix":5},"r":1,"bm":0,"nm":"Fill 1","mn":"ADBE Vector Graphic - Fill","hd":false},{"d":1,"ty":"el","s":{"a":0,"k":[121.5,106.5],"ix":2},"p":{"a":0,"k":[-161,-8],"ix":3},"nm":"Ellipse Path 2","mn":"ADBE Vector Shape - Ellipse","hd":false},{"ty":"fl","c":{"a":0,"k":[0.050980396569,0.192156881094,0.509803950787,1],"ix":4},"o":{"a":0,"k":100,"ix":5},"r":1,"bm":0,"nm":"Fill 2","mn":"ADBE Vector Graphic - Fill","hd":false},{"ty":"tr","p":{"a":1,"k":[{"i":{"x":0.833,"y":0.833},"o":{"x":0.167,"y":0.167},"t":0,"s":[56.5,1],"to":[0,0],"ti":[0,0]},{"i":{"x":0.667,"y":0.667},"o":{"x":0.167,"y":0.167},"t":23,"s":[56.5,1],"to":[0,0],"ti":[0,0]},{"i":{"x":0.39,"y":1},"o":{"x":0.333,"y":0},"t":40,"s":[56.5,1],"to":[0,0],"ti":[0,0]},{"i":{"x":0.22,"y":1},"o":{"x":0.56,"y":0},"t":55,"s":[56.5,25],"to":[0,0],"ti":[0,0]},{"t":81,"s":[56.5,1]}],"ix":2},"a":{"a":0,"k":[-162.75,-2.25],"ix":1},"s":{"a":1,"k":[{"i":{"x":[0.833,0.833],"y":[1,1]},"o":{"x":[0.167,0.167],"y":[0,0]},"t":0,"s":[100,99.364]},{"i":{"x":[0.667,0.667],"y":[1,1]},"o":{"x":[0.167,0.167],"y":[0,0]},"t":23,"s":[100,99.364]},{"i":{"x":[0.39,0.39],"y":[1,1]},"o":{"x":[0.333,0.333],"y":[0,0]},"t":40,"s":[100,99.364]},{"i":{"x":[0.64,0.64],"y":[1,1]},"o":{"x":[0.599,0.599],"y":[0,0]},"t":55,"s":[100,86.364]},{"t":81,"s":[100,99.364]}],"ix":3},"r":{"a":0,"k":0,"ix":6},"o":{"a":0,"k":100,"ix":7},"sk":{"a":0,"k":0,"ix":4},"sa":{"a":0,"k":0,"ix":5},"nm":"Transform"}],"nm":"Ellipse 4","np":5,"cix":2,"bm":0,"ix":2,"mn":"ADBE Vector Group","hd":false}],"ip":0,"op":480,"st":0,"bm":0},{"ddd":0,"ind":6,"ty":4,"nm":"Shape Layer 2","sr":1,"ks":{"o":{"a":0,"k":100,"ix":11},"r":{"a":0,"k":0,"ix":10},"p":{"a":0,"k":[500,500,0],"ix":2,"l":2},"a":{"a":0,"k":[148,21,0],"ix":1,"l":2},"s":{"a":0,"k":[250,250,100],"ix":6,"l":2}},"ao":0,"shapes":[{"ty":"gr","it":[{"d":1,"ty":"el","s":{"a":0,"k":[294,294],"ix":2},"p":{"a":0,"k":[0,0],"ix":3},"nm":"Ellipse Path 1","mn":"ADBE Vector Shape - Ellipse","hd":false},{"ty":"fl","c":{"a":0,"k":[0.211764723063,0.77254909277,0.996078491211,1],"ix":4},"o":{"a":0,"k":100,"ix":5},"r":1,"bm":0,"nm":"Fill 1","mn":"ADBE Vector Graphic - Fill","hd":false},{"ty":"tr","p":{"a":0,"k":[148,21],"ix":2},"a":{"a":0,"k":[0,0],"ix":1},"s":{"a":0,"k":[100,100],"ix":3},"r":{"a":0,"k":0,"ix":6},"o":{"a":0,"k":100,"ix":7},"sk":{"a":0,"k":0,"ix":4},"sa":{"a":0,"k":0,"ix":5},"nm":"Transform"}],"nm":"Ellipse 1","np":2,"cix":2,"bm":0,"ix":1,"mn":"ADBE Vector Group","hd":false}],"ip":0,"op":480,"st":0,"bm":0}],"markers":[]}