{"v":"5.9.0","fr":30,"ip":0,"op":16,"w":800,"h":500,"nm":"allpropsCodm","ddd":0,"assets":[],"fonts":{"list":[{"origin":3,"fPath":"images/font_0","fClass":"","fFamily":"Roboto","fWeight":"","fStyle":"Bold","fName":"Roboto-Bold","ascent":86}]},"layers":[{"ddd":0,"ind":1,"ty":5,"nm":"txt_idx_0_char_10_","sr":1,"ks":{"o":{"a":0,"k":96,"ix":11},"r":{"a":0,"k":0,"ix":10},"p":{"a":0,"k":[410,250,0],"ix":2,"l":2},"a":{"a":0,"k":[0,0,0],"ix":1,"l":2},"s":{"a":1,"k":[{"i":{"x":[0.833,0.833,0.833],"y":[0.833,0.833,0.833]},"o":{"x":[0.167,0.167,0.167],"y":[0.167,0.167,0.167]},"t":0,"s":[72,72,100]},{"i":{"x":[0.833,0.833,0.833],"y":[0.833,0.833,0.833]},"o":{"x":[0.167,0.167,0.167],"y":[0.167,0.167,0.167]},"t":10,"s":[115,115,100]},{"t":14,"s":[100,100,100]}],"ix":6,"l":2}},"ao":0,"t":{"d":{"k":[{"s":{"sz":[652,85.2222290039062],"ps":[-348,-32.5],"s":83,"f":"Roboto-Bold","t":"HAPPY B’DAY","ca":0,"j":2,"tr":51,"lh":13,"ls":0,"fc":[1,0,0],"sc":[0.502,1,0.494],"sw":11,"of":false},"t":0}]},"p":{},"m":{"g":1,"a":{"a":0,"k":[0,0],"ix":2}},"a":[{"nm":"Animator 1","s":{"t":0,"xe":{"a":0,"k":0,"ix":7},"ne":{"a":0,"k":0,"ix":8},"a":{"a":0,"k":100,"ix":4},"b":1,"rn":0,"sh":1,"sm":{"a":0,"k":100,"ix":6},"r":1},"a":{"sk":{"a":0,"k":20.9,"ix":4},"sa":{"a":0,"k":0,"ix":5}}}]},"ip":0,"op":56,"st":0,"bm":0},{"ddd":0,"ind":2,"ty":5,"nm":"txt_shd_idx_0_char_10_","sr":1,"ks":{"o":{"a":0,"k":98,"ix":11},"r":{"a":0,"k":0,"ix":10},"p":{"a":0,"k":[410,250,0],"ix":2,"l":2},"a":{"a":0,"k":[0,0,0],"ix":1,"l":2},"s":{"a":1,"k":[{"i":{"x":[0.833,0.833,0.833],"y":[0.833,0.833,0.833]},"o":{"x":[0.167,0.167,0.167],"y":[0.167,0.167,0.167]},"t":0,"s":[72,72,100]},{"i":{"x":[0.833,0.833,0.833],"y":[0.833,0.833,0.833]},"o":{"x":[0.167,0.167,0.167],"y":[0.167,0.167,0.167]},"t":10,"s":[115,115,100]},{"t":14,"s":[100,100,100]}],"ix":6,"l":2}},"ao":0,"t":{"d":{"k":[{"s":{"sz":[652,83.8333435058594],"ps":[-348,-32.5],"s":83,"f":"Roboto-Bold","t":"HAPPY B’DAY","ca":0,"j":2,"tr":51,"lh":13,"ls":0,"sc":[0,0,0],"sw":8},"t":0}]},"p":{},"m":{"g":1,"a":{"a":0,"k":[0,0],"ix":2}},"a":[{"nm":"Animator 1","s":{"t":0,"xe":{"a":0,"k":0,"ix":7},"ne":{"a":0,"k":0,"ix":8},"a":{"a":0,"k":100,"ix":4},"b":1,"rn":0,"sh":1,"sm":{"a":0,"k":100,"ix":6},"r":1},"a":{"bl":{"a":0,"k":[18,18],"ix":95}}},{"nm":"Animator 2","s":{"t":0,"xe":{"a":0,"k":0,"ix":7},"ne":{"a":0,"k":0,"ix":8},"a":{"a":0,"k":100,"ix":4},"b":1,"rn":0,"sh":1,"sm":{"a":0,"k":100,"ix":6},"r":1},"a":{"sk":{"a":0,"k":20.9,"ix":4},"sa":{"a":0,"k":0,"ix":5}}}]},"ip":0,"op":56,"st":0,"bm":0},{"ddd":0,"ind":3,"ty":4,"nm":"_txt_bg_idx_0_","sr":1,"ks":{"o":{"a":0,"k":100,"ix":11},"r":{"a":0,"k":0,"ix":10},"p":{"a":0,"k":[400,244,0],"ix":2,"l":2},"a":{"a":0,"k":[0,0,0],"ix":1,"l":2},"s":{"a":1,"k":[{"i":{"x":[0.833,0.833,0.833],"y":[0.833,0.833,0.833]},"o":{"x":[0.167,0.167,0.167],"y":[0.167,0.167,0.167]},"t":0,"s":[100,100,100]},{"i":{"x":[0.833,0.833,0.833],"y":[0.833,0.833,0.833]},"o":{"x":[0.167,0.167,0.167],"y":[0.167,0.167,0.167]},"t":10,"s":[159.82,160.463,100]},{"t":14,"s":[140.896,141.463,100]}],"ix":6,"l":2}},"ao":0,"shapes":[{"ty":"gr","it":[{"ty":"rc","d":1,"s":{"a":0,"k":[621.5,156.235],"ix":2},"p":{"a":0,"k":[0,0],"ix":3},"r":{"a":0,"k":213,"ix":4},"nm":"Rectangle Path 1","mn":"ADBE Vector Shape - Rect","hd":false},{"ty":"fl","c":{"a":0,"k":[1,0.971566174077,0.645634191176,1],"ix":4},"o":{"a":0,"k":100,"ix":5},"r":1,"bm":0,"nm":"Fill 1","mn":"ADBE Vector Graphic - Fill","hd":false},{"ty":"tr","p":{"a":0,"k":[1.75,8.543],"ix":2},"a":{"a":0,"k":[0,0],"ix":1},"s":{"a":0,"k":[72,72],"ix":3},"r":{"a":0,"k":0,"ix":6},"o":{"a":0,"k":100,"ix":7},"sk":{"a":0,"k":0,"ix":4},"sa":{"a":0,"k":0,"ix":5},"nm":"Transform"}],"nm":"Rectangle 1","np":2,"cix":2,"bm":0,"ix":1,"mn":"ADBE Vector Group","hd":false}],"ip":0,"op":56,"st":0,"bm":0},{"ddd":0,"ind":4,"ty":4,"nm":"bg_idx_0_","sr":1,"ks":{"o":{"a":0,"k":97,"ix":11},"r":{"a":0,"k":0,"ix":10},"p":{"a":0,"k":[400,250,0],"ix":2,"l":2},"a":{"a":0,"k":[0,0,0],"ix":1,"l":2},"s":{"a":0,"k":[100,100,100],"ix":6,"l":2}},"ao":0,"shapes":[{"ty":"gr","it":[{"ty":"rc","d":1,"s":{"a":0,"k":[724.211,427.324],"ix":2},"p":{"a":0,"k":[0,0],"ix":3},"r":{"a":0,"k":0,"ix":4},"nm":"Rectangle Path 1","mn":"ADBE Vector Shape - Rect","hd":false},{"ty":"fl","c":{"a":0,"k":[1,0.987254961799,0.841161032284,1],"ix":4},"o":{"a":0,"k":100,"ix":5},"r":1,"bm":0,"nm":"Fill 1","mn":"ADBE Vector Graphic - Fill","hd":false},{"ty":"tr","p":{"a":0,"k":[1.105,-0.338],"ix":2},"a":{"a":0,"k":[0,0],"ix":1},"s":{"a":0,"k":[108.667,113.371],"ix":3},"r":{"a":0,"k":0,"ix":6},"o":{"a":0,"k":100,"ix":7},"sk":{"a":0,"k":0,"ix":4},"sa":{"a":0,"k":0,"ix":5},"nm":"Transform"}],"nm":"Rectangle 1","np":2,"cix":2,"bm":0,"ix":1,"mn":"ADBE Vector Group","hd":false}],"ip":0,"op":56,"st":0,"bm":0}],"markers":[]}