{"v":"5.9.0","fr":30,"ip":0,"op":56,"w":800,"h":300,"nm":"Comp 1","ddd":0,"assets":[],"fonts":{"list":[{"origin":3,"fPath":"images/font_0","fClass":"","fFamily":"Lucida Grande","fWeight":"","fStyle":"Bold","fName":"LucidaGrande-Bold","ascent":84.099609375}]},"layers":[{"ddd":0,"ind":1,"ty":5,"nm":"txt_idx_0_","sr":1,"ks":{"o":{"a":0,"k":96,"ix":11},"r":{"a":0,"k":0,"ix":10},"p":{"a":0,"k":[324,152.5,0],"ix":2,"l":2},"a":{"a":0,"k":[0,0,0],"ix":1,"l":2},"s":{"a":0,"k":[100,100,100],"ix":6,"l":2}},"ao":0,"ef":[{"ty":25,"nm":"Drop Shadow","np":8,"mn":"ADBE Drop Shadow","ix":1,"en":1,"ef":[{"ty":2,"nm":"Shadow Color","mn":"ADBE Drop Shadow-0001","ix":1,"v":{"a":0,"k":[0.073223039508,0.038964796811,0.038964796811,1],"ix":1}},{"ty":0,"nm":"Opacity","mn":"ADBE Drop Shadow-0002","ix":2,"v":{"a":0,"k":215,"ix":2}},{"ty":0,"nm":"Direction","mn":"ADBE Drop Shadow-0003","ix":3,"v":{"a":0,"k":135,"ix":3}},{"ty":0,"nm":"Distance","mn":"ADBE Drop Shadow-0004","ix":4,"v":{"a":0,"k":5,"ix":4}},{"ty":0,"nm":"Softness","mn":"ADBE Drop Shadow-0005","ix":5,"v":{"a":0,"k":42,"ix":5}},{"ty":7,"nm":"Shadow Only","mn":"ADBE Drop Shadow-0006","ix":6,"v":{"a":0,"k":0,"ix":6}}]}],"t":{"d":{"k":[{"s":{"sz":[709,123],"ps":[-278,-70.5],"s":84,"f":"LucidaGrande-Bold","t":"ALL PROPS","ca":1,"j":2,"tr":15,"lh":40,"ls":-34,"fc":[0,0.25,0.236],"sc":[0.85,0.999,1],"sw":7,"of":false},"t":0}]},"p":{},"m":{"g":1,"a":{"a":0,"k":[0,0],"ix":2}},"a":[]},"ip":0,"op":56,"st":0,"bm":0},{"ddd":0,"ind":2,"ty":4,"nm":"txt_bg_idx_0_","sr":1,"ks":{"o":{"a":0,"k":52,"ix":11},"r":{"a":0,"k":0,"ix":10},"p":{"a":0,"k":[400,152,0],"ix":2,"l":2},"a":{"a":0,"k":[0,0,0],"ix":1,"l":2},"s":{"a":0,"k":[100,100,100],"ix":6,"l":2}},"ao":0,"shapes":[{"ty":"gr","it":[{"ty":"rc","d":1,"s":{"a":0,"k":[695.3,139.3],"ix":2},"p":{"a":0,"k":[0,0],"ix":3},"r":{"a":0,"k":186,"ix":4},"nm":"Rectangle Path 1","mn":"ADBE Vector Shape - Rect","hd":false},{"ty":"fl","c":{"a":0,"k":[0.313027236041,0.40799072864,0.413250612745,1],"ix":4},"o":{"a":0,"k":100,"ix":5},"r":1,"bm":0,"nm":"Fill 1","mn":"ADBE Vector Graphic - Fill","hd":false},{"ty":"tr","p":{"a":0,"k":[3.674,-8.602],"ix":2},"a":{"a":0,"k":[0,0],"ix":1},"s":{"a":0,"k":[111,111],"ix":3},"r":{"a":0,"k":0,"ix":6},"o":{"a":0,"k":100,"ix":7},"sk":{"a":0,"k":0,"ix":4},"sa":{"a":0,"k":0,"ix":5},"nm":"Transform"}],"nm":"Rectangle 1","np":3,"cix":2,"bm":0,"ix":1,"mn":"ADBE Vector Group","hd":false}],"ip":0,"op":56,"st":0,"bm":0}],"markers":[]}