{"v":"5.4.4","fr":25,"ip":0,"op":125,"w":1920,"h":1080,"nm":"Example","ddd":0,"assets":[{"id":"comp_0","layers":[{"ddd":0,"ind":2,"ty":3,"nm":"Controller","sr":1,"ks":{"o":{"a":0,"k":0,"ix":11},"r":{"a":0,"k":0,"ix":10},"p":{"a":0,"k":[500,500,0],"ix":2},"a":{"a":0,"k":[0,0,0],"ix":1},"s":{"a":0,"k":[100,100,100],"ix":6}},"ao":0,"ef":[{"ty":5,"nm":"Gilbert Controller","np":17,"mn":"Pseudo/0vbarur0o9","ix":1,"en":1,"ef":[{"ty":6,"nm":"Animation","mn":"Pseudo/0vbarur0o9-0001","ix":1,"v":0},{"ty":0,"nm":"Start","mn":"Pseudo/0vbarur0o9-0002","ix":2,"v":{"a":1,"k":[{"i":{"x":[0.999],"y":[1]},"o":{"x":[0.75],"y":[0]},"t":75,"s":[0],"e":[100]},{"t":95}],"ix":2,"x":"var $bm_rt;\nvar FM_controllerComp = comp('Example'), mValue = value;\ntry {\n    var FM_controllerLayer = FM_controllerComp.layer('D 1');\n    $bm_rt = mValue = FM_controllerLayer.effect(1)('Pseudo/0vbarur0o9-0002').valueAtTime($bm_sum(time, FM_controllerLayer.inPoint));\n} catch (err) {\n    $bm_rt = value;\n}\n;"}},{"ty":0,"nm":"End","mn":"Pseudo/0vbarur0o9-0003","ix":3,"v":{"a":1,"k":[{"i":{"x":[0.25],"y":[1]},"o":{"x":[0.001],"y":[0]},"t":0,"s":[0],"e":[100]},{"t":20}],"ix":3,"x":"var $bm_rt;\nvar FM_controllerComp = comp('Example'), mValue = value;\ntry {\n    var FM_controllerLayer = FM_controllerComp.layer('D 1');\n    $bm_rt = mValue = FM_controllerLayer.effect(1)('Pseudo/0vbarur0o9-0003').valueAtTime($bm_sum(time, FM_controllerLayer.inPoint));\n} catch (err) {\n    $bm_rt = value;\n}\n;"}},{"ty":0,"nm":"Offset","mn":"Pseudo/0vbarur0o9-0004","ix":4,"v":{"a":1,"k":[{"i":{"x":[0.25],"y":[1]},"o":{"x":[0.001],"y":[0]},"t":0,"s":[-50],"e":[0]},{"i":{"x":[0.25],"y":[1]},"o":{"x":[0.75],"y":[0]},"t":20,"s":[0],"e":[0]},{"i":{"x":[0.999],"y":[1]},"o":{"x":[0.75],"y":[0]},"t":75,"s":[0],"e":[50]},{"t":95}],"ix":4,"x":"var $bm_rt;\nvar FM_controllerComp = comp('Example'), mValue = value;\ntry {\n    var FM_controllerLayer = FM_controllerComp.layer('D 1');\n    $bm_rt = mValue = FM_controllerLayer.effect(1)('Pseudo/0vbarur0o9-0004').valueAtTime($bm_sum(time, FM_controllerLayer.inPoint));\n} catch (err) {\n    $bm_rt = value;\n}\n;"}},{"ty":6,"nm":"Gilbert Controller","mn":"Pseudo/0vbarur0o9-0005","ix":5,"v":0},{"ty":6,"nm":"Color","mn":"Pseudo/0vbarur0o9-0006","ix":6,"v":0},{"ty":2,"nm":"Color 1","mn":"Pseudo/0vbarur0o9-0007","ix":7,"v":{"a":0,"k":[1,0.262745098039,0.219607843137,1],"ix":7,"x":"var $bm_rt;\nvar FM_controllerComp = comp('Example'), mValue = value;\ntry {\n    var FM_controllerLayer = FM_controllerComp.layer('D 1');\n    $bm_rt = mValue = FM_controllerLayer.effect(1)('Pseudo/0vbarur0o9-0007').valueAtTime($bm_sum(time, FM_controllerLayer.inPoint));\n} catch (err) {\n    $bm_rt = value;\n}\n;"}},{"ty":2,"nm":"Color 2","mn":"Pseudo/0vbarur0o9-0008","ix":8,"v":{"a":0,"k":[1,0.419607843137,0,1],"ix":8,"x":"var $bm_rt;\nvar FM_controllerComp = comp('Example'), mValue = value;\ntry {\n    var FM_controllerLayer = FM_controllerComp.layer('D 1');\n    $bm_rt = mValue = FM_controllerLayer.effect(1)('Pseudo/0vbarur0o9-0008').valueAtTime($bm_sum(time, FM_controllerLayer.inPoint));\n} catch (err) {\n    $bm_rt = value;\n}\n;"}},{"ty":2,"nm":"Color 3","mn":"Pseudo/0vbarur0o9-0009","ix":9,"v":{"a":0,"k":[1,0.78431372549,0.262745098039,1],"ix":9,"x":"var $bm_rt;\nvar FM_controllerComp = comp('Example'), mValue = value;\ntry {\n    var FM_controllerLayer = FM_controllerComp.layer('D 1');\n    $bm_rt = mValue = FM_controllerLayer.effect(1)('Pseudo/0vbarur0o9-0009').valueAtTime($bm_sum(time, FM_controllerLayer.inPoint));\n} catch (err) {\n    $bm_rt = value;\n}\n;"}},{"ty":2,"nm":"Color 4","mn":"Pseudo/0vbarur0o9-0010","ix":10,"v":{"a":0,"k":[0.019607843137,0.807843137255,0.486274509804,1],"ix":10,"x":"var $bm_rt;\nvar FM_controllerComp = comp('Example'), mValue = value;\ntry {\n    var FM_controllerLayer = FM_controllerComp.layer('D 1');\n    $bm_rt = mValue = FM_controllerLayer.effect(1)('Pseudo/0vbarur0o9-0010').valueAtTime($bm_sum(time, FM_controllerLayer.inPoint));\n} catch (err) {\n    $bm_rt = value;\n}\n;"}},{"ty":2,"nm":"Color 5","mn":"Pseudo/0vbarur0o9-0011","ix":11,"v":{"a":0,"k":[0,0.701960784314,0.890196078431,1],"ix":11,"x":"var $bm_rt;\nvar FM_controllerComp = comp('Example'), mValue = value;\ntry {\n    var FM_controllerLayer = FM_controllerComp.layer('D 1');\n    $bm_rt = mValue = FM_controllerLayer.effect(1)('Pseudo/0vbarur0o9-0011').valueAtTime($bm_sum(time, FM_controllerLayer.inPoint));\n} catch (err) {\n    $bm_rt = value;\n}\n;"}},{"ty":2,"nm":"Color 6","mn":"Pseudo/0vbarur0o9-0012","ix":12,"v":{"a":0,"k":[0.854901960784,0.227450980392,0.701960784314,1],"ix":12,"x":"var $bm_rt;\nvar FM_controllerComp = comp('Example'), mValue = value;\ntry {\n    var FM_controllerLayer = FM_controllerComp.layer('D 1');\n    $bm_rt = mValue = FM_controllerLayer.effect(1)('Pseudo/0vbarur0o9-0012').valueAtTime($bm_sum(time, FM_controllerLayer.inPoint));\n} catch (err) {\n    $bm_rt = value;\n}\n;"}},{"ty":7,"nm":"On white background","mn":"Pseudo/0vbarur0o9-0013","ix":13,"v":{"a":0,"k":1,"ix":13,"x":"var $bm_rt;\nvar FM_controllerComp = comp('Example'), mValue = value;\ntry {\n    var FM_controllerLayer = FM_controllerComp.layer('D 1');\n    $bm_rt = mValue = FM_controllerLayer.effect(1)('Pseudo/0vbarur0o9-0013').valueAtTime($bm_sum(time, FM_controllerLayer.inPoint));\n} catch (err) {\n    $bm_rt = value;\n}\n;"}},{"ty":7,"nm":"Use only Color 1","mn":"Pseudo/0vbarur0o9-0014","ix":14,"v":{"a":0,"k":0,"ix":14,"x":"var $bm_rt;\nvar FM_controllerComp = comp('Example'), mValue = value;\ntry {\n    var FM_controllerLayer = FM_controllerComp.layer('D 1');\n    $bm_rt = mValue = FM_controllerLayer.effect(1)('Pseudo/0vbarur0o9-0014').valueAtTime($bm_sum(time, FM_controllerLayer.inPoint));\n} catch (err) {\n    $bm_rt = value;\n}\n;"}},{"ty":6,"nm":"Gilbert Controller","mn":"Pseudo/0vbarur0o9-0015","ix":15,"v":0}]}],"ip":0,"op":750,"st":0,"bm":0},{"ddd":0,"ind":3,"ty":4,"nm":"D 1","sr":1,"ks":{"o":{"a":0,"k":100,"ix":11},"r":{"a":0,"k":0,"ix":10},"p":{"a":0,"k":[500,500,0],"ix":2},"a":{"a":0,"k":[500,500,0],"ix":1},"s":{"a":0,"k":[100,100,100],"ix":6}},"ao":0,"shapes":[{"ty":"gr","it":[{"ind":0,"ty":"sh","ix":1,"ks":{"a":0,"k":{"i":[[0,0],[0,0],[0,-17.328],[0,0],[-17.327,0],[0,0],[0,-17.328],[0,0],[0,0],[-17.328,0],[0,0]],"o":[[0,0],[-17.328,0],[0,0],[0,17.328],[0,0],[17.328,0],[0,0],[0,0],[0,17.328],[0,0],[0,0]],"v":[[-16.817,-273.719],[-99.85,-273.719],[-131.225,-242.344],[-131.225,-206.344],[-99.85,-174.969],[-63.849,-174.969],[-32.474,-143.594],[-32.474,206.344],[-32.474,242.344],[-1.099,273.719],[131.225,273.719]],"c":false},"ix":2},"nm":"Path 1","mn":"ADBE Vector Shape - Group","hd":false},{"ty":"st","c":{"a":0,"k":[1,0.419607847929,0,1],"ix":3,"x":"var $bm_rt;\ntry {\n    var FM_controllerComp = thisComp;\n    var FM_controllerLayer = FM_controllerComp.layer('Controller');\n    $bm_rt = FM_controllerLayer.effect('Gilbert Controller')('Color 2');\n} catch (e) {\n    $bm_rt = value;\n}"},"o":{"a":0,"k":100,"ix":4,"x":"var $bm_rt;\ntry {\n    var FM_controllerComp = thisComp;\n    var FM_controllerLayer = FM_controllerComp.layer('Controller');\n    if (FM_controllerLayer.effect('Gilbert Controller')('Use only Color 1') == 1) {\n        $bm_rt = 0;\n    } else {\n        $bm_rt = 100;\n    }\n} catch (e) {\n    $bm_rt = value;\n}"},"w":{"a":0,"k":72,"ix":5},"lc":1,"lj":1,"ml":10,"bm":0,"nm":"Stroke 1","mn":"ADBE Vector Graphic - Stroke","hd":false},{"ty":"tr","p":{"a":0,"k":[450.84,493.656],"ix":2},"a":{"a":0,"k":[0,0],"ix":1},"s":{"a":0,"k":[100,100],"ix":3},"r":{"a":0,"k":0,"ix":6},"o":{"a":0,"k":100,"ix":7},"sk":{"a":0,"k":0,"ix":4},"sa":{"a":0,"k":0,"ix":5},"nm":"Transform"}],"nm":"Group 1","np":2,"cix":2,"bm":0,"ix":1,"mn":"ADBE Vector Group","hd":false},{"ty":"tm","s":{"a":0,"k":0,"ix":1,"x":"var $bm_rt;\ntry {\n    var FM_controllerComp = thisComp;\n    var FM_controllerLayer = FM_controllerComp.layer('Controller');\n    $bm_rt = $bm_div(FM_controllerLayer.effect('Gilbert Controller')('Start'), 2);\n} catch (e) {\n    $bm_rt = value;\n}"},"e":{"a":0,"k":100,"ix":2,"x":"var $bm_rt;\ntry {\n    var FM_controllerComp = thisComp;\n    var FM_controllerLayer = FM_controllerComp.layer('Controller');\n    $bm_rt = $bm_div(FM_controllerLayer.effect('Gilbert Controller')('End'), 2);\n} catch (e) {\n    $bm_rt = value;\n}"},"o":{"a":0,"k":0,"ix":3,"x":"var $bm_rt;\ntry {\n    var FM_controllerComp = thisComp;\n    var FM_controllerLayer = FM_controllerComp.layer('Controller');\n    $bm_rt = linear(FM_controllerLayer.effect('Gilbert Controller')('Offset'), -50, 50, 0, 180);\n} catch (e) {\n    $bm_rt = value;\n}"},"m":1,"ix":2,"nm":"Trim Paths 1","mn":"ADBE Vector Filter - Trim","hd":false}],"ip":0,"op":750,"st":0,"bm":1},{"ddd":0,"ind":4,"ty":4,"nm":"D 2","sr":1,"ks":{"o":{"a":0,"k":100,"ix":11},"r":{"a":0,"k":0,"ix":10},"p":{"a":0,"k":[500,500,0],"ix":2},"a":{"a":0,"k":[500,500,0],"ix":1},"s":{"a":0,"k":[100,100,100],"ix":6}},"ao":0,"shapes":[{"ty":"gr","it":[{"ind":0,"ty":"sh","ix":1,"ks":{"a":0,"k":{"i":[[0,0],[56.186,0],[0,53.927],[-53.928,0],[0,0],[0,-53.928],[0,0],[53.928,0],[0,0],[0,0],[0,-53.927],[0,0]],"o":[[-11.844,0],[-53.928,0],[0,-53.928],[0,0],[53.927,0],[0,0],[0,53.927],[0,0],[0,0],[-53.927,0],[0,0],[0,0]],"v":[[9.941,-100.536],[-60.37,-100.536],[-158.012,-198.18],[-60.368,-295.823],[104.008,-295.823],[201.651,-198.179],[201.651,-48.154],[104.007,49.49],[-28.993,49.49],[-104.007,49.49],[-201.65,147.132],[-201.65,295.822]],"c":false},"ix":2},"nm":"Path 1","mn":"ADBE Vector Shape - Group","hd":false},{"ty":"st","c":{"a":0,"k":[0,0.701960802078,0.890196084976,1],"ix":3,"x":"var $bm_rt;\ntry {\n    var FM_controllerComp = thisComp;\n    var FM_controllerLayer = FM_controllerComp.layer('Controller');\n    $bm_rt = FM_controllerLayer.effect('Gilbert Controller')('Color 5');\n} catch (e) {\n    $bm_rt = value;\n}"},"o":{"a":0,"k":100,"ix":4,"x":"var $bm_rt;\ntry {\n    var FM_controllerComp = thisComp;\n    var FM_controllerLayer = FM_controllerComp.layer('Controller');\n    if (FM_controllerLayer.effect('Gilbert Controller')('Use only Color 1') == 1) {\n        $bm_rt = 0;\n    } else {\n        $bm_rt = 100;\n    }\n} catch (e) {\n    $bm_rt = value;\n}"},"w":{"a":0,"k":72,"ix":5},"lc":1,"lj":1,"ml":10,"bm":0,"nm":"Stroke 1","mn":"ADBE Vector Graphic - Stroke","hd":false},{"ty":"tr","p":{"a":0,"k":[411.359,614.51],"ix":2},"a":{"a":0,"k":[0,0],"ix":1},"s":{"a":0,"k":[100,100],"ix":3},"r":{"a":0,"k":0,"ix":6},"o":{"a":0,"k":100,"ix":7},"sk":{"a":0,"k":0,"ix":4},"sa":{"a":0,"k":0,"ix":5},"nm":"Transform"}],"nm":"Group 2","np":2,"cix":2,"bm":0,"ix":1,"mn":"ADBE Vector Group","hd":false},{"ty":"tm","s":{"a":0,"k":0,"ix":1,"x":"var $bm_rt;\ntry {\n    var FM_controllerComp = thisComp;\n    var FM_controllerLayer = FM_controllerComp.layer('Controller');\n    $bm_rt = $bm_div(FM_controllerLayer.effect('Gilbert Controller')('Start'), 2);\n} catch (e) {\n    $bm_rt = value;\n}"},"e":{"a":0,"k":100,"ix":2,"x":"var $bm_rt;\ntry {\n    var FM_controllerComp = thisComp;\n    var FM_controllerLayer = FM_controllerComp.layer('Controller');\n    $bm_rt = $bm_div(FM_controllerLayer.effect('Gilbert Controller')('End'), 2);\n} catch (e) {\n    $bm_rt = value;\n}"},"o":{"a":0,"k":0,"ix":3,"x":"var $bm_rt;\ntry {\n    var FM_controllerComp = thisComp;\n    var FM_controllerLayer = FM_controllerComp.layer('Controller');\n    $bm_rt = linear(FM_controllerLayer.effect('Gilbert Controller')('Offset'), -50, 50, 0, 180);\n} catch (e) {\n    $bm_rt = value;\n}"},"m":1,"ix":2,"nm":"Trim Paths 1","mn":"ADBE Vector Filter - Trim","hd":false}],"ip":0,"op":750,"st":0,"bm":1},{"ddd":0,"ind":5,"ty":4,"nm":"D BG","sr":1,"ks":{"o":{"a":0,"k":100,"ix":11},"r":{"a":0,"k":0,"ix":10},"p":{"a":0,"k":[500,500,0],"ix":2},"a":{"a":0,"k":[500,500,0],"ix":1},"s":{"a":0,"k":[100,100,100],"ix":6}},"ao":0,"shapes":[{"ty":"gr","it":[{"ind":0,"ty":"sh","ix":1,"ks":{"a":0,"k":{"i":[[0,0],[0,0],[0,-17.328],[0,0],[-17.327,0],[0,0],[0,-17.328],[0,0],[0,0],[-17.328,0],[0,0]],"o":[[0,0],[-17.328,0],[0,0],[0,17.328],[0,0],[17.328,0],[0,0],[0,0],[0,17.328],[0,0],[0,0]],"v":[[-16.817,-273.719],[-99.85,-273.719],[-131.225,-242.344],[-131.225,-206.344],[-99.85,-174.969],[-63.849,-174.969],[-32.474,-143.594],[-32.474,206.344],[-32.474,242.344],[-1.099,273.719],[131.225,273.719]],"c":false},"ix":2},"nm":"Path 1","mn":"ADBE Vector Shape - Group","hd":false},{"ty":"tr","p":{"a":0,"k":[450.84,493.656],"ix":2},"a":{"a":0,"k":[0,0],"ix":1},"s":{"a":0,"k":[100,100],"ix":3},"r":{"a":0,"k":0,"ix":6},"o":{"a":0,"k":100,"ix":7},"sk":{"a":0,"k":0,"ix":4},"sa":{"a":0,"k":0,"ix":5},"nm":"Transform"}],"nm":"Group 1","np":1,"cix":2,"bm":0,"ix":1,"mn":"ADBE Vector Group","hd":false},{"ty":"gr","it":[{"ind":0,"ty":"sh","ix":1,"ks":{"a":0,"k":{"i":[[0,0],[56.186,0],[0,53.927],[-53.928,0],[0,0],[0,-53.928],[0,0],[53.928,0],[0,0],[0,0],[0,-53.927],[0,0]],"o":[[-11.844,0],[-53.928,0],[0,-53.928],[0,0],[53.927,0],[0,0],[0,53.927],[0,0],[0,0],[-53.927,0],[0,0],[0,0]],"v":[[9.941,-100.536],[-60.37,-100.536],[-158.012,-198.18],[-60.368,-295.823],[104.008,-295.823],[201.651,-198.179],[201.651,-48.154],[104.007,49.49],[-28.993,49.49],[-104.007,49.49],[-201.65,147.132],[-201.65,295.822]],"c":false},"ix":2},"nm":"Path 1","mn":"ADBE Vector Shape - Group","hd":false},{"ty":"tr","p":{"a":0,"k":[411.359,614.51],"ix":2},"a":{"a":0,"k":[0,0],"ix":1},"s":{"a":0,"k":[100,100],"ix":3},"r":{"a":0,"k":0,"ix":6},"o":{"a":0,"k":100,"ix":7},"sk":{"a":0,"k":0,"ix":4},"sa":{"a":0,"k":0,"ix":5},"nm":"Transform"}],"nm":"Group 2","np":1,"cix":2,"bm":0,"ix":2,"mn":"ADBE Vector Group","hd":false},{"ty":"st","c":{"a":0,"k":[1,1,1,1],"ix":3,"x":"var $bm_rt;\ntry {\n    var FM_controllerComp = thisComp;\n    var FM_controllerLayer = FM_controllerComp.layer('Controller');\n    if (FM_controllerLayer.effect('Gilbert Controller')('Use only Color 1') == 1) {\n        $bm_rt = FM_controllerLayer.effect('Gilbert Controller')('Color 1');\n    } else {\n        $bm_rt = value;\n    }\n} catch (e) {\n    $bm_rt = value;\n}"},"o":{"a":0,"k":100,"ix":4,"x":"var $bm_rt;\ntry {\n    var FM_controllerComp = thisComp;\n    var FM_controllerLayer = FM_controllerComp.layer('Controller');\n    if (FM_controllerLayer.effect('Gilbert Controller')('Use only Color 1') == 1) {\n        $bm_rt = 100;\n    } else {\n        $bm_rt = $bm_mul(FM_controllerLayer.effect('Gilbert Controller')('On white background'), 100);\n    }\n} catch (e) {\n    $bm_rt = value;\n}"},"w":{"a":0,"k":72,"ix":5},"lc":1,"lj":1,"ml":10,"bm":0,"nm":"Stroke 1","mn":"ADBE Vector Graphic - Stroke","hd":false},{"ty":"tm","s":{"a":0,"k":0,"ix":1,"x":"var $bm_rt;\ntry {\n    var FM_controllerComp = thisComp;\n    var FM_controllerLayer = FM_controllerComp.layer('Controller');\n    $bm_rt = $bm_div(FM_controllerLayer.effect('Gilbert Controller')('Start'), 2);\n} catch (e) {\n    $bm_rt = value;\n}"},"e":{"a":0,"k":100,"ix":2,"x":"var $bm_rt;\ntry {\n    var FM_controllerComp = thisComp;\n    var FM_controllerLayer = FM_controllerComp.layer('Controller');\n    $bm_rt = $bm_div(FM_controllerLayer.effect('Gilbert Controller')('End'), 2);\n} catch (e) {\n    $bm_rt = value;\n}"},"o":{"a":0,"k":0,"ix":3,"x":"var $bm_rt;\ntry {\n    var FM_controllerComp = thisComp;\n    var FM_controllerLayer = FM_controllerComp.layer('Controller');\n    $bm_rt = linear(FM_controllerLayer.effect('Gilbert Controller')('Offset'), -50, 50, 0, 180);\n} catch (e) {\n    $bm_rt = value;\n}"},"m":1,"ix":4,"nm":"Trim Paths 1","mn":"ADBE Vector Filter - Trim","hd":false}],"ip":0,"op":750,"st":0,"bm":0}]},{"id":"comp_1","layers":[{"ddd":0,"ind":2,"ty":3,"nm":"Controller","sr":1,"ks":{"o":{"a":0,"k":0,"ix":11},"r":{"a":0,"k":0,"ix":10},"p":{"a":0,"k":[500,500,0],"ix":2},"a":{"a":0,"k":[0,0,0],"ix":1},"s":{"a":0,"k":[100,100,100],"ix":6}},"ao":0,"ef":[{"ty":5,"nm":"Gilbert Controller","np":17,"mn":"Pseudo/0vbarur0o9","ix":1,"en":1,"ef":[{"ty":6,"nm":"Animation","mn":"Pseudo/0vbarur0o9-0001","ix":1,"v":0},{"ty":0,"nm":"Start","mn":"Pseudo/0vbarur0o9-0002","ix":2,"v":{"a":1,"k":[{"i":{"x":[0.999],"y":[1]},"o":{"x":[0.75],"y":[0]},"t":75,"s":[0],"e":[100]},{"t":95}],"ix":2,"x":"var $bm_rt;\nvar FM_controllerComp = comp('Example'), mValue = value;\ntry {\n    var FM_controllerLayer = FM_controllerComp.layer('A 1');\n    $bm_rt = mValue = FM_controllerLayer.effect(1)('Pseudo/0vbarur0o9-0002').valueAtTime($bm_sum(time, FM_controllerLayer.inPoint));\n} catch (err) {\n    $bm_rt = value;\n}\n;"}},{"ty":0,"nm":"End","mn":"Pseudo/0vbarur0o9-0003","ix":3,"v":{"a":1,"k":[{"i":{"x":[0.25],"y":[1]},"o":{"x":[0.001],"y":[0]},"t":0,"s":[0],"e":[100]},{"t":20}],"ix":3,"x":"var $bm_rt;\nvar FM_controllerComp = comp('Example'), mValue = value;\ntry {\n    var FM_controllerLayer = FM_controllerComp.layer('A 1');\n    $bm_rt = mValue = FM_controllerLayer.effect(1)('Pseudo/0vbarur0o9-0003').valueAtTime($bm_sum(time, FM_controllerLayer.inPoint));\n} catch (err) {\n    $bm_rt = value;\n}\n;"}},{"ty":0,"nm":"Offset","mn":"Pseudo/0vbarur0o9-0004","ix":4,"v":{"a":1,"k":[{"i":{"x":[0.25],"y":[1]},"o":{"x":[0.001],"y":[0]},"t":0,"s":[-50],"e":[0]},{"i":{"x":[0.25],"y":[1]},"o":{"x":[0.75],"y":[0]},"t":20,"s":[0],"e":[0]},{"i":{"x":[0.999],"y":[1]},"o":{"x":[0.75],"y":[0]},"t":75,"s":[0],"e":[50]},{"t":95}],"ix":4,"x":"var $bm_rt;\nvar FM_controllerComp = comp('Example'), mValue = value;\ntry {\n    var FM_controllerLayer = FM_controllerComp.layer('A 1');\n    $bm_rt = mValue = FM_controllerLayer.effect(1)('Pseudo/0vbarur0o9-0004').valueAtTime($bm_sum(time, FM_controllerLayer.inPoint));\n} catch (err) {\n    $bm_rt = value;\n}\n;"}},{"ty":6,"nm":"Gilbert Controller","mn":"Pseudo/0vbarur0o9-0005","ix":5,"v":0},{"ty":6,"nm":"Color","mn":"Pseudo/0vbarur0o9-0006","ix":6,"v":0},{"ty":2,"nm":"Color 1","mn":"Pseudo/0vbarur0o9-0007","ix":7,"v":{"a":0,"k":[1,0.262745098039,0.219607843137,1],"ix":7,"x":"var $bm_rt;\nvar FM_controllerComp = comp('Example'), mValue = value;\ntry {\n    var FM_controllerLayer = FM_controllerComp.layer('A 1');\n    $bm_rt = mValue = FM_controllerLayer.effect(1)('Pseudo/0vbarur0o9-0007').valueAtTime($bm_sum(time, FM_controllerLayer.inPoint));\n} catch (err) {\n    $bm_rt = value;\n}\n;"}},{"ty":2,"nm":"Color 2","mn":"Pseudo/0vbarur0o9-0008","ix":8,"v":{"a":0,"k":[1,0.419607843137,0,1],"ix":8,"x":"var $bm_rt;\nvar FM_controllerComp = comp('Example'), mValue = value;\ntry {\n    var FM_controllerLayer = FM_controllerComp.layer('A 1');\n    $bm_rt = mValue = FM_controllerLayer.effect(1)('Pseudo/0vbarur0o9-0008').valueAtTime($bm_sum(time, FM_controllerLayer.inPoint));\n} catch (err) {\n    $bm_rt = value;\n}\n;"}},{"ty":2,"nm":"Color 3","mn":"Pseudo/0vbarur0o9-0009","ix":9,"v":{"a":0,"k":[1,0.78431372549,0.262745098039,1],"ix":9,"x":"var $bm_rt;\nvar FM_controllerComp = comp('Example'), mValue = value;\ntry {\n    var FM_controllerLayer = FM_controllerComp.layer('A 1');\n    $bm_rt = mValue = FM_controllerLayer.effect(1)('Pseudo/0vbarur0o9-0009').valueAtTime($bm_sum(time, FM_controllerLayer.inPoint));\n} catch (err) {\n    $bm_rt = value;\n}\n;"}},{"ty":2,"nm":"Color 4","mn":"Pseudo/0vbarur0o9-0010","ix":10,"v":{"a":0,"k":[0.019607843137,0.807843137255,0.486274509804,1],"ix":10,"x":"var $bm_rt;\nvar FM_controllerComp = comp('Example'), mValue = value;\ntry {\n    var FM_controllerLayer = FM_controllerComp.layer('A 1');\n    $bm_rt = mValue = FM_controllerLayer.effect(1)('Pseudo/0vbarur0o9-0010').valueAtTime($bm_sum(time, FM_controllerLayer.inPoint));\n} catch (err) {\n    $bm_rt = value;\n}\n;"}},{"ty":2,"nm":"Color 5","mn":"Pseudo/0vbarur0o9-0011","ix":11,"v":{"a":0,"k":[0,0.701960784314,0.890196078431,1],"ix":11,"x":"var $bm_rt;\nvar FM_controllerComp = comp('Example'), mValue = value;\ntry {\n    var FM_controllerLayer = FM_controllerComp.layer('A 1');\n    $bm_rt = mValue = FM_controllerLayer.effect(1)('Pseudo/0vbarur0o9-0011').valueAtTime($bm_sum(time, FM_controllerLayer.inPoint));\n} catch (err) {\n    $bm_rt = value;\n}\n;"}},{"ty":2,"nm":"Color 6","mn":"Pseudo/0vbarur0o9-0012","ix":12,"v":{"a":0,"k":[0.854901960784,0.227450980392,0.701960784314,1],"ix":12,"x":"var $bm_rt;\nvar FM_controllerComp = comp('Example'), mValue = value;\ntry {\n    var FM_controllerLayer = FM_controllerComp.layer('A 1');\n    $bm_rt = mValue = FM_controllerLayer.effect(1)('Pseudo/0vbarur0o9-0012').valueAtTime($bm_sum(time, FM_controllerLayer.inPoint));\n} catch (err) {\n    $bm_rt = value;\n}\n;"}},{"ty":7,"nm":"On white background","mn":"Pseudo/0vbarur0o9-0013","ix":13,"v":{"a":0,"k":1,"ix":13,"x":"var $bm_rt;\nvar FM_controllerComp = comp('Example'), mValue = value;\ntry {\n    var FM_controllerLayer = FM_controllerComp.layer('A 1');\n    $bm_rt = mValue = FM_controllerLayer.effect(1)('Pseudo/0vbarur0o9-0013').valueAtTime($bm_sum(time, FM_controllerLayer.inPoint));\n} catch (err) {\n    $bm_rt = value;\n}\n;"}},{"ty":7,"nm":"Use only Color 1","mn":"Pseudo/0vbarur0o9-0014","ix":14,"v":{"a":0,"k":0,"ix":14,"x":"var $bm_rt;\nvar FM_controllerComp = comp('Example'), mValue = value;\ntry {\n    var FM_controllerLayer = FM_controllerComp.layer('A 1');\n    $bm_rt = mValue = FM_controllerLayer.effect(1)('Pseudo/0vbarur0o9-0014').valueAtTime($bm_sum(time, FM_controllerLayer.inPoint));\n} catch (err) {\n    $bm_rt = value;\n}\n;"}},{"ty":6,"nm":"Gilbert Controller","mn":"Pseudo/0vbarur0o9-0015","ix":15,"v":0}]}],"ip":0,"op":750,"st":0,"bm":0},{"ddd":0,"ind":3,"ty":4,"nm":"A 1","sr":1,"ks":{"o":{"a":0,"k":100,"ix":11},"r":{"a":0,"k":0,"ix":10},"p":{"a":0,"k":[500,500,0],"ix":2},"a":{"a":0,"k":[500,500,0],"ix":1},"s":{"a":0,"k":[100,100,100],"ix":6}},"ao":0,"shapes":[{"ty":"gr","it":[{"ind":0,"ty":"sh","ix":1,"ks":{"a":0,"k":{"i":[[0,0],[0,0],[0,56.612],[56.612,0],[0,-56.612],[-56.612,0],[0,0]],"o":[[0,0],[56.612,0],[0,-56.612],[-56.612,0],[0,56.612],[0,0],[0,0]],"v":[[-322.075,102.505],[-0.001,102.505],[102.504,0.001],[-0.001,-102.504],[-102.506,0.001],[-0.001,102.505],[322.075,102.505]],"c":false},"ix":2},"nm":"Path 1","mn":"ADBE Vector Shape - Group","hd":false},{"ty":"st","c":{"a":0,"k":[1,0.262745112181,0.219607844949,1],"ix":3,"x":"var $bm_rt;\ntry {\n    var FM_controllerComp = thisComp;\n    var FM_controllerLayer = FM_controllerComp.layer('Controller');\n    $bm_rt = FM_controllerLayer.effect('Gilbert Controller')('Color 1');\n} catch (e) {\n    $bm_rt = value;\n}"},"o":{"a":0,"k":100,"ix":4,"x":"var $bm_rt;\ntry {\n    var FM_controllerComp = thisComp;\n    var FM_controllerLayer = FM_controllerComp.layer('Controller');\n    if (FM_controllerLayer.effect('Gilbert Controller')('Use only Color 1') == 1) {\n        $bm_rt = 0;\n    } else {\n        $bm_rt = 100;\n    }\n} catch (e) {\n    $bm_rt = value;\n}"},"w":{"a":0,"k":72,"ix":5},"lc":1,"lj":1,"ml":10,"bm":0,"nm":"Stroke 1","mn":"ADBE Vector Graphic - Stroke","hd":false},{"ty":"tr","p":{"a":0,"k":[500,421.191],"ix":2},"a":{"a":0,"k":[0,0],"ix":1},"s":{"a":0,"k":[100,100],"ix":3},"r":{"a":0,"k":0,"ix":6},"o":{"a":0,"k":100,"ix":7},"sk":{"a":0,"k":0,"ix":4},"sa":{"a":0,"k":0,"ix":5},"nm":"Transform"}],"nm":"Group 1","np":2,"cix":2,"bm":0,"ix":1,"mn":"ADBE Vector Group","hd":false},{"ty":"tm","s":{"a":0,"k":0,"ix":1,"x":"var $bm_rt;\ntry {\n    var FM_controllerComp = thisComp;\n    var FM_controllerLayer = FM_controllerComp.layer('Controller');\n    $bm_rt = $bm_div(FM_controllerLayer.effect('Gilbert Controller')('Start'), 2);\n} catch (e) {\n    $bm_rt = value;\n}"},"e":{"a":0,"k":100,"ix":2,"x":"var $bm_rt;\ntry {\n    var FM_controllerComp = thisComp;\n    var FM_controllerLayer = FM_controllerComp.layer('Controller');\n    $bm_rt = $bm_div(FM_controllerLayer.effect('Gilbert Controller')('End'), 2);\n} catch (e) {\n    $bm_rt = value;\n}"},"o":{"a":0,"k":0,"ix":3,"x":"var $bm_rt;\ntry {\n    var FM_controllerComp = thisComp;\n    var FM_controllerLayer = FM_controllerComp.layer('Controller');\n    $bm_rt = linear(FM_controllerLayer.effect('Gilbert Controller')('Offset'), -50, 50, 0, 180);\n} catch (e) {\n    $bm_rt = value;\n}"},"m":1,"ix":2,"nm":"Trim Paths 1","mn":"ADBE Vector Filter - Trim","hd":false}],"ip":0,"op":750,"st":0,"bm":1},{"ddd":0,"ind":4,"ty":4,"nm":"A 2","sr":1,"ks":{"o":{"a":0,"k":100,"ix":11},"r":{"a":0,"k":0,"ix":10},"p":{"a":0,"k":[500,500,0],"ix":2},"a":{"a":0,"k":[500,500,0],"ix":1},"s":{"a":0,"k":[100,100,100],"ix":6}},"ao":0,"shapes":[{"ty":"gr","it":[{"ind":0,"ty":"sh","ix":1,"ks":{"a":0,"k":{"i":[[0,0],[0,0],[-56.613,0],[0,56.611],[0,0],[-56.611,0],[0,-56.612],[0,0],[-56.612,0],[0,0]],"o":[[0,0],[0,56.611],[56.611,0],[0,0],[0,-56.612],[56.612,0],[0,0],[0,56.611],[0,0],[0,0]],"v":[[-395.666,21.625],[-395.666,139.405],[-293.161,241.909],[-190.656,139.405],[-190.656,-139.404],[-88.151,-241.909],[14.353,-139.404],[14.353,139.405],[116.857,241.909],[395.667,241.909]],"c":false},"ix":2},"nm":"Path 1","mn":"ADBE Vector Shape - Group","hd":false},{"ty":"st","c":{"a":0,"k":[0,0.701960802078,0.890196084976,1],"ix":3,"x":"var $bm_rt;\ntry {\n    var FM_controllerComp = thisComp;\n    var FM_controllerLayer = FM_controllerComp.layer('Controller');\n    $bm_rt = FM_controllerLayer.effect('Gilbert Controller')('Color 5');\n} catch (e) {\n    $bm_rt = value;\n}"},"o":{"a":0,"k":100,"ix":4,"x":"var $bm_rt;\ntry {\n    var FM_controllerComp = thisComp;\n    var FM_controllerLayer = FM_controllerComp.layer('Controller');\n    if (FM_controllerLayer.effect('Gilbert Controller')('Use only Color 1') == 1) {\n        $bm_rt = 0;\n    } else {\n        $bm_rt = 100;\n    }\n} catch (e) {\n    $bm_rt = value;\n}"},"w":{"a":0,"k":72,"ix":5},"lc":1,"lj":1,"ml":10,"bm":0,"nm":"Stroke 1","mn":"ADBE Vector Graphic - Stroke","hd":false},{"ty":"tr","p":{"a":0,"k":[588.152,560.596],"ix":2},"a":{"a":0,"k":[0,0],"ix":1},"s":{"a":0,"k":[100,100],"ix":3},"r":{"a":0,"k":0,"ix":6},"o":{"a":0,"k":100,"ix":7},"sk":{"a":0,"k":0,"ix":4},"sa":{"a":0,"k":0,"ix":5},"nm":"Transform"}],"nm":"Group 2","np":2,"cix":2,"bm":0,"ix":1,"mn":"ADBE Vector Group","hd":false},{"ty":"tm","s":{"a":0,"k":0,"ix":1,"x":"var $bm_rt;\ntry {\n    var FM_controllerComp = thisComp;\n    var FM_controllerLayer = FM_controllerComp.layer('Controller');\n    $bm_rt = $bm_div(FM_controllerLayer.effect('Gilbert Controller')('Start'), 2);\n} catch (e) {\n    $bm_rt = value;\n}"},"e":{"a":0,"k":100,"ix":2,"x":"var $bm_rt;\ntry {\n    var FM_controllerComp = thisComp;\n    var FM_controllerLayer = FM_controllerComp.layer('Controller');\n    $bm_rt = $bm_div(FM_controllerLayer.effect('Gilbert Controller')('End'), 2);\n} catch (e) {\n    $bm_rt = value;\n}"},"o":{"a":0,"k":0,"ix":3,"x":"var $bm_rt;\ntry {\n    var FM_controllerComp = thisComp;\n    var FM_controllerLayer = FM_controllerComp.layer('Controller');\n    $bm_rt = linear(FM_controllerLayer.effect('Gilbert Controller')('Offset'), -50, 50, 0, 180);\n} catch (e) {\n    $bm_rt = value;\n}"},"m":1,"ix":2,"nm":"Trim Paths 1","mn":"ADBE Vector Filter - Trim","hd":false}],"ip":0,"op":750,"st":0,"bm":1},{"ddd":0,"ind":5,"ty":4,"nm":"A BG","sr":1,"ks":{"o":{"a":0,"k":100,"ix":11},"r":{"a":0,"k":0,"ix":10},"p":{"a":0,"k":[500,500,0],"ix":2},"a":{"a":0,"k":[500,500,0],"ix":1},"s":{"a":0,"k":[100,100,100],"ix":6}},"ao":0,"shapes":[{"ty":"gr","it":[{"ind":0,"ty":"sh","ix":1,"ks":{"a":0,"k":{"i":[[0,0],[0,0],[0,56.612],[56.612,0],[0,-56.612],[-56.612,0],[0,0]],"o":[[0,0],[56.612,0],[0,-56.612],[-56.612,0],[0,56.612],[0,0],[0,0]],"v":[[-322.075,102.505],[-0.001,102.505],[102.504,0.001],[-0.001,-102.504],[-102.506,0.001],[-0.001,102.505],[322.075,102.505]],"c":false},"ix":2},"nm":"Path 1","mn":"ADBE Vector Shape - Group","hd":false},{"ty":"tr","p":{"a":0,"k":[500,421.191],"ix":2},"a":{"a":0,"k":[0,0],"ix":1},"s":{"a":0,"k":[100,100],"ix":3},"r":{"a":0,"k":0,"ix":6},"o":{"a":0,"k":100,"ix":7},"sk":{"a":0,"k":0,"ix":4},"sa":{"a":0,"k":0,"ix":5},"nm":"Transform"}],"nm":"Group 1","np":1,"cix":2,"bm":0,"ix":1,"mn":"ADBE Vector Group","hd":false},{"ty":"gr","it":[{"ind":0,"ty":"sh","ix":1,"ks":{"a":0,"k":{"i":[[0,0],[0,0],[-56.613,0],[0,56.611],[0,0],[-56.611,0],[0,-56.612],[0,0],[-56.612,0],[0,0]],"o":[[0,0],[0,56.611],[56.611,0],[0,0],[0,-56.612],[56.612,0],[0,0],[0,56.611],[0,0],[0,0]],"v":[[-395.666,21.625],[-395.666,139.405],[-293.161,241.909],[-190.656,139.405],[-190.656,-139.404],[-88.151,-241.909],[14.353,-139.404],[14.353,139.405],[116.857,241.909],[395.667,241.909]],"c":false},"ix":2},"nm":"Path 1","mn":"ADBE Vector Shape - Group","hd":false},{"ty":"tr","p":{"a":0,"k":[588.152,560.596],"ix":2},"a":{"a":0,"k":[0,0],"ix":1},"s":{"a":0,"k":[100,100],"ix":3},"r":{"a":0,"k":0,"ix":6},"o":{"a":0,"k":100,"ix":7},"sk":{"a":0,"k":0,"ix":4},"sa":{"a":0,"k":0,"ix":5},"nm":"Transform"}],"nm":"Group 2","np":1,"cix":2,"bm":0,"ix":2,"mn":"ADBE Vector Group","hd":false},{"ty":"st","c":{"a":0,"k":[1,1,1,1],"ix":3,"x":"var $bm_rt;\ntry {\n    var FM_controllerComp = thisComp;\n    var FM_controllerLayer = FM_controllerComp.layer('Controller');\n    if (FM_controllerLayer.effect('Gilbert Controller')('Use only Color 1') == 1) {\n        $bm_rt = FM_controllerLayer.effect('Gilbert Controller')('Color 1');\n    } else {\n        $bm_rt = value;\n    }\n} catch (e) {\n    $bm_rt = value;\n}"},"o":{"a":0,"k":100,"ix":4,"x":"var $bm_rt;\ntry {\n    var FM_controllerComp = thisComp;\n    var FM_controllerLayer = FM_controllerComp.layer('Controller');\n    if (FM_controllerLayer.effect('Gilbert Controller')('Use only Color 1') == 1) {\n        $bm_rt = 100;\n    } else {\n        $bm_rt = $bm_mul(FM_controllerLayer.effect('Gilbert Controller')('On white background'), 100);\n    }\n} catch (e) {\n    $bm_rt = value;\n}"},"w":{"a":0,"k":72,"ix":5},"lc":1,"lj":1,"ml":10,"bm":0,"nm":"Stroke 1","mn":"ADBE Vector Graphic - Stroke","hd":false},{"ty":"tm","s":{"a":0,"k":0,"ix":1,"x":"var $bm_rt;\ntry {\n    var FM_controllerComp = thisComp;\n    var FM_controllerLayer = FM_controllerComp.layer('Controller');\n    $bm_rt = $bm_div(FM_controllerLayer.effect('Gilbert Controller')('Start'), 2);\n} catch (e) {\n    $bm_rt = value;\n}"},"e":{"a":0,"k":100,"ix":2,"x":"var $bm_rt;\ntry {\n    var FM_controllerComp = thisComp;\n    var FM_controllerLayer = FM_controllerComp.layer('Controller');\n    $bm_rt = $bm_div(FM_controllerLayer.effect('Gilbert Controller')('End'), 2);\n} catch (e) {\n    $bm_rt = value;\n}"},"o":{"a":0,"k":0,"ix":3,"x":"var $bm_rt;\ntry {\n    var FM_controllerComp = thisComp;\n    var FM_controllerLayer = FM_controllerComp.layer('Controller');\n    $bm_rt = linear(FM_controllerLayer.effect('Gilbert Controller')('Offset'), -50, 50, 0, 180);\n} catch (e) {\n    $bm_rt = value;\n}"},"m":1,"ix":4,"nm":"Trim Paths 1","mn":"ADBE Vector Filter - Trim","hd":false}],"ip":0,"op":750,"st":0,"bm":0}]},{"id":"comp_2","layers":[{"ddd":0,"ind":2,"ty":3,"nm":"Controller","sr":1,"ks":{"o":{"a":0,"k":0,"ix":11},"r":{"a":0,"k":0,"ix":10},"p":{"a":0,"k":[500,500,0],"ix":2},"a":{"a":0,"k":[0,0,0],"ix":1},"s":{"a":0,"k":[100,100,100],"ix":6}},"ao":0,"ef":[{"ty":5,"nm":"Gilbert Controller","np":17,"mn":"Pseudo/0vbarur0o9","ix":1,"en":1,"ef":[{"ty":6,"nm":"Animation","mn":"Pseudo/0vbarur0o9-0001","ix":1,"v":0},{"ty":0,"nm":"Start","mn":"Pseudo/0vbarur0o9-0002","ix":2,"v":{"a":1,"k":[{"i":{"x":[0.999],"y":[1]},"o":{"x":[0.75],"y":[0]},"t":75,"s":[0],"e":[100]},{"t":95}],"ix":2,"x":"var $bm_rt;\nvar FM_controllerComp = comp('Example'), mValue = value;\ntry {\n    var FM_controllerLayer = FM_controllerComp.layer('O 1');\n    $bm_rt = mValue = FM_controllerLayer.effect(1)('Pseudo/0vbarur0o9-0002').valueAtTime($bm_sum(time, FM_controllerLayer.inPoint));\n} catch (err) {\n    $bm_rt = value;\n}\n;"}},{"ty":0,"nm":"End","mn":"Pseudo/0vbarur0o9-0003","ix":3,"v":{"a":1,"k":[{"i":{"x":[0.25],"y":[1]},"o":{"x":[0.001],"y":[0]},"t":0,"s":[0],"e":[100]},{"t":20}],"ix":3,"x":"var $bm_rt;\nvar FM_controllerComp = comp('Example'), mValue = value;\ntry {\n    var FM_controllerLayer = FM_controllerComp.layer('O 1');\n    $bm_rt = mValue = FM_controllerLayer.effect(1)('Pseudo/0vbarur0o9-0003').valueAtTime($bm_sum(time, FM_controllerLayer.inPoint));\n} catch (err) {\n    $bm_rt = value;\n}\n;"}},{"ty":0,"nm":"Offset","mn":"Pseudo/0vbarur0o9-0004","ix":4,"v":{"a":1,"k":[{"i":{"x":[0.25],"y":[1]},"o":{"x":[0.001],"y":[0]},"t":0,"s":[-50],"e":[0]},{"i":{"x":[0.25],"y":[1]},"o":{"x":[0.75],"y":[0]},"t":20,"s":[0],"e":[0]},{"i":{"x":[0.999],"y":[1]},"o":{"x":[0.75],"y":[0]},"t":75,"s":[0],"e":[50]},{"t":95}],"ix":4,"x":"var $bm_rt;\nvar FM_controllerComp = comp('Example'), mValue = value;\ntry {\n    var FM_controllerLayer = FM_controllerComp.layer('O 1');\n    $bm_rt = mValue = FM_controllerLayer.effect(1)('Pseudo/0vbarur0o9-0004').valueAtTime($bm_sum(time, FM_controllerLayer.inPoint));\n} catch (err) {\n    $bm_rt = value;\n}\n;"}},{"ty":6,"nm":"Gilbert Controller","mn":"Pseudo/0vbarur0o9-0005","ix":5,"v":0},{"ty":6,"nm":"Color","mn":"Pseudo/0vbarur0o9-0006","ix":6,"v":0},{"ty":2,"nm":"Color 1","mn":"Pseudo/0vbarur0o9-0007","ix":7,"v":{"a":0,"k":[1,0.262745098039,0.219607843137,1],"ix":7,"x":"var $bm_rt;\nvar FM_controllerComp = comp('Example'), mValue = value;\ntry {\n    var FM_controllerLayer = FM_controllerComp.layer('O 1');\n    $bm_rt = mValue = FM_controllerLayer.effect(1)('Pseudo/0vbarur0o9-0007').valueAtTime($bm_sum(time, FM_controllerLayer.inPoint));\n} catch (err) {\n    $bm_rt = value;\n}\n;"}},{"ty":2,"nm":"Color 2","mn":"Pseudo/0vbarur0o9-0008","ix":8,"v":{"a":0,"k":[1,0.419607843137,0,1],"ix":8,"x":"var $bm_rt;\nvar FM_controllerComp = comp('Example'), mValue = value;\ntry {\n    var FM_controllerLayer = FM_controllerComp.layer('O 1');\n    $bm_rt = mValue = FM_controllerLayer.effect(1)('Pseudo/0vbarur0o9-0008').valueAtTime($bm_sum(time, FM_controllerLayer.inPoint));\n} catch (err) {\n    $bm_rt = value;\n}\n;"}},{"ty":2,"nm":"Color 3","mn":"Pseudo/0vbarur0o9-0009","ix":9,"v":{"a":0,"k":[1,0.78431372549,0.262745098039,1],"ix":9,"x":"var $bm_rt;\nvar FM_controllerComp = comp('Example'), mValue = value;\ntry {\n    var FM_controllerLayer = FM_controllerComp.layer('O 1');\n    $bm_rt = mValue = FM_controllerLayer.effect(1)('Pseudo/0vbarur0o9-0009').valueAtTime($bm_sum(time, FM_controllerLayer.inPoint));\n} catch (err) {\n    $bm_rt = value;\n}\n;"}},{"ty":2,"nm":"Color 4","mn":"Pseudo/0vbarur0o9-0010","ix":10,"v":{"a":0,"k":[0.019607843137,0.807843137255,0.486274509804,1],"ix":10,"x":"var $bm_rt;\nvar FM_controllerComp = comp('Example'), mValue = value;\ntry {\n    var FM_controllerLayer = FM_controllerComp.layer('O 1');\n    $bm_rt = mValue = FM_controllerLayer.effect(1)('Pseudo/0vbarur0o9-0010').valueAtTime($bm_sum(time, FM_controllerLayer.inPoint));\n} catch (err) {\n    $bm_rt = value;\n}\n;"}},{"ty":2,"nm":"Color 5","mn":"Pseudo/0vbarur0o9-0011","ix":11,"v":{"a":0,"k":[0,0.701960784314,0.890196078431,1],"ix":11,"x":"var $bm_rt;\nvar FM_controllerComp = comp('Example'), mValue = value;\ntry {\n    var FM_controllerLayer = FM_controllerComp.layer('O 1');\n    $bm_rt = mValue = FM_controllerLayer.effect(1)('Pseudo/0vbarur0o9-0011').valueAtTime($bm_sum(time, FM_controllerLayer.inPoint));\n} catch (err) {\n    $bm_rt = value;\n}\n;"}},{"ty":2,"nm":"Color 6","mn":"Pseudo/0vbarur0o9-0012","ix":12,"v":{"a":0,"k":[0.854901960784,0.227450980392,0.701960784314,1],"ix":12,"x":"var $bm_rt;\nvar FM_controllerComp = comp('Example'), mValue = value;\ntry {\n    var FM_controllerLayer = FM_controllerComp.layer('O 1');\n    $bm_rt = mValue = FM_controllerLayer.effect(1)('Pseudo/0vbarur0o9-0012').valueAtTime($bm_sum(time, FM_controllerLayer.inPoint));\n} catch (err) {\n    $bm_rt = value;\n}\n;"}},{"ty":7,"nm":"On white background","mn":"Pseudo/0vbarur0o9-0013","ix":13,"v":{"a":0,"k":1,"ix":13,"x":"var $bm_rt;\nvar FM_controllerComp = comp('Example'), mValue = value;\ntry {\n    var FM_controllerLayer = FM_controllerComp.layer('O 1');\n    $bm_rt = mValue = FM_controllerLayer.effect(1)('Pseudo/0vbarur0o9-0013').valueAtTime($bm_sum(time, FM_controllerLayer.inPoint));\n} catch (err) {\n    $bm_rt = value;\n}\n;"}},{"ty":7,"nm":"Use only Color 1","mn":"Pseudo/0vbarur0o9-0014","ix":14,"v":{"a":0,"k":0,"ix":14,"x":"var $bm_rt;\nvar FM_controllerComp = comp('Example'), mValue = value;\ntry {\n    var FM_controllerLayer = FM_controllerComp.layer('O 1');\n    $bm_rt = mValue = FM_controllerLayer.effect(1)('Pseudo/0vbarur0o9-0014').valueAtTime($bm_sum(time, FM_controllerLayer.inPoint));\n} catch (err) {\n    $bm_rt = value;\n}\n;"}},{"ty":6,"nm":"Gilbert Controller","mn":"Pseudo/0vbarur0o9-0015","ix":15,"v":0}]}],"ip":0,"op":750,"st":0,"bm":0},{"ddd":0,"ind":3,"ty":4,"nm":"O 1","sr":1,"ks":{"o":{"a":0,"k":100,"ix":11},"r":{"a":0,"k":0,"ix":10},"p":{"a":0,"k":[500,500,0],"ix":2},"a":{"a":0,"k":[500,500,0],"ix":1},"s":{"a":0,"k":[100,100,100],"ix":6}},"ao":0,"shapes":[{"ty":"gr","it":[{"ind":0,"ty":"sh","ix":1,"ks":{"a":0,"k":{"i":[[0,0],[0,-56.739],[56.738,0],[0,0],[0,-56.738],[0,0],[-56.737,0],[0,56.737],[0,0],[56.739,0],[0,-56.738],[-56.738,0],[0,0]],"o":[[56.738,0],[0,56.737],[0,0],[-56.737,0],[0,0],[0,56.737],[56.739,0],[0,0],[0,-56.738],[-56.738,0],[0,56.737],[0,0],[0,0]],"v":[[69.924,-275.389],[172.657,-172.656],[69.924,-69.923],[-69.924,-69.923],[-172.657,32.81],[-172.657,172.658],[-69.924,275.389],[32.809,172.658],[32.809,32.81],[-69.924,-69.923],[-172.657,32.81],[-69.924,135.543],[69.924,135.543]],"c":false},"ix":2},"nm":"Path 1","mn":"ADBE Vector Shape - Group","hd":false},{"ty":"st","c":{"a":0,"k":[1,0.784313738346,0.262745112181,1],"ix":3,"x":"var $bm_rt;\ntry {\n    var FM_controllerComp = thisComp;\n    var FM_controllerLayer = FM_controllerComp.layer('Controller');\n    $bm_rt = FM_controllerLayer.effect('Gilbert Controller')('Color 3');\n} catch (e) {\n    $bm_rt = value;\n}"},"o":{"a":0,"k":100,"ix":4,"x":"var $bm_rt;\ntry {\n    var FM_controllerComp = thisComp;\n    var FM_controllerLayer = FM_controllerComp.layer('Controller');\n    if (FM_controllerLayer.effect('Gilbert Controller')('Use only Color 1') == 1) {\n        $bm_rt = 0;\n    } else {\n        $bm_rt = 100;\n    }\n} catch (e) {\n    $bm_rt = value;\n}"},"w":{"a":0,"k":72,"ix":5},"lc":1,"lj":1,"ml":10,"bm":0,"nm":"Stroke 1","mn":"ADBE Vector Graphic - Stroke","hd":false},{"ty":"tr","p":{"a":0,"k":[569.924,388.61],"ix":2},"a":{"a":0,"k":[0,0],"ix":1},"s":{"a":0,"k":[100,100],"ix":3},"r":{"a":0,"k":0,"ix":6},"o":{"a":0,"k":100,"ix":7},"sk":{"a":0,"k":0,"ix":4},"sa":{"a":0,"k":0,"ix":5},"nm":"Transform"}],"nm":"Group 1","np":2,"cix":2,"bm":0,"ix":1,"mn":"ADBE Vector Group","hd":false},{"ty":"tm","s":{"a":0,"k":0,"ix":1,"x":"var $bm_rt;\ntry {\n    var FM_controllerComp = thisComp;\n    var FM_controllerLayer = FM_controllerComp.layer('Controller');\n    $bm_rt = $bm_div(FM_controllerLayer.effect('Gilbert Controller')('Start'), 2);\n} catch (e) {\n    $bm_rt = value;\n}"},"e":{"a":0,"k":100,"ix":2,"x":"var $bm_rt;\ntry {\n    var FM_controllerComp = thisComp;\n    var FM_controllerLayer = FM_controllerComp.layer('Controller');\n    $bm_rt = $bm_div(FM_controllerLayer.effect('Gilbert Controller')('End'), 2);\n} catch (e) {\n    $bm_rt = value;\n}"},"o":{"a":0,"k":0,"ix":3,"x":"var $bm_rt;\ntry {\n    var FM_controllerComp = thisComp;\n    var FM_controllerLayer = FM_controllerComp.layer('Controller');\n    $bm_rt = linear(FM_controllerLayer.effect('Gilbert Controller')('Offset'), -50, 50, 0, 180);\n} catch (e) {\n    $bm_rt = value;\n}"},"m":1,"ix":2,"nm":"Trim Paths 1","mn":"ADBE Vector Filter - Trim","hd":false}],"ip":0,"op":750,"st":0,"bm":1},{"ddd":0,"ind":4,"ty":4,"nm":"O BG","sr":1,"ks":{"o":{"a":0,"k":100,"ix":11},"r":{"a":0,"k":0,"ix":10},"p":{"a":0,"k":[500,500,0],"ix":2},"a":{"a":0,"k":[500,500,0],"ix":1},"s":{"a":0,"k":[100,100,100],"ix":6}},"ao":0,"shapes":[{"ty":"gr","it":[{"ind":0,"ty":"sh","ix":1,"ks":{"a":0,"k":{"i":[[0,0],[0,-56.739],[56.738,0],[0,0],[0,-56.738],[0,0],[-56.737,0],[0,56.737],[0,0],[56.739,0],[0,-56.738],[-56.738,0],[0,0]],"o":[[56.738,0],[0,56.737],[0,0],[-56.737,0],[0,0],[0,56.737],[56.739,0],[0,0],[0,-56.738],[-56.738,0],[0,56.737],[0,0],[0,0]],"v":[[69.924,-275.389],[172.657,-172.656],[69.924,-69.923],[-69.924,-69.923],[-172.657,32.81],[-172.657,172.658],[-69.924,275.389],[32.809,172.658],[32.809,32.81],[-69.924,-69.923],[-172.657,32.81],[-69.924,135.543],[69.924,135.543]],"c":false},"ix":2},"nm":"Path 1","mn":"ADBE Vector Shape - Group","hd":false},{"ty":"tr","p":{"a":0,"k":[569.924,388.61],"ix":2},"a":{"a":0,"k":[0,0],"ix":1},"s":{"a":0,"k":[100,100],"ix":3},"r":{"a":0,"k":0,"ix":6},"o":{"a":0,"k":100,"ix":7},"sk":{"a":0,"k":0,"ix":4},"sa":{"a":0,"k":0,"ix":5},"nm":"Transform"}],"nm":"Group 1","np":1,"cix":2,"bm":0,"ix":1,"mn":"ADBE Vector Group","hd":false},{"ty":"tm","s":{"a":0,"k":0,"ix":1,"x":"var $bm_rt;\ntry {\n    var FM_controllerComp = thisComp;\n    var FM_controllerLayer = FM_controllerComp.layer('Controller');\n    $bm_rt = $bm_div(FM_controllerLayer.effect('Gilbert Controller')('Start'), 2);\n} catch (e) {\n    $bm_rt = value;\n}"},"e":{"a":0,"k":100,"ix":2,"x":"var $bm_rt;\ntry {\n    var FM_controllerComp = thisComp;\n    var FM_controllerLayer = FM_controllerComp.layer('Controller');\n    $bm_rt = $bm_div(FM_controllerLayer.effect('Gilbert Controller')('End'), 2);\n} catch (e) {\n    $bm_rt = value;\n}"},"o":{"a":0,"k":0,"ix":3,"x":"var $bm_rt;\ntry {\n    var FM_controllerComp = thisComp;\n    var FM_controllerLayer = FM_controllerComp.layer('Controller');\n    $bm_rt = linear(FM_controllerLayer.effect('Gilbert Controller')('Offset'), -50, 50, 0, 180);\n} catch (e) {\n    $bm_rt = value;\n}"},"m":1,"ix":2,"nm":"Trim Paths 1","mn":"ADBE Vector Filter - Trim","hd":false},{"ty":"st","c":{"a":0,"k":[1,1,1,1],"ix":3,"x":"var $bm_rt;\ntry {\n    var FM_controllerComp = thisComp;\n    var FM_controllerLayer = FM_controllerComp.layer('Controller');\n    if (FM_controllerLayer.effect('Gilbert Controller')('Use only Color 1') == 1) {\n        $bm_rt = FM_controllerLayer.effect('Gilbert Controller')('Color 1');\n    } else {\n        $bm_rt = value;\n    }\n} catch (e) {\n    $bm_rt = value;\n}"},"o":{"a":0,"k":100,"ix":4,"x":"var $bm_rt;\ntry {\n    var FM_controllerComp = thisComp;\n    var FM_controllerLayer = FM_controllerComp.layer('Controller');\n    if (FM_controllerLayer.effect('Gilbert Controller')('Use only Color 1') == 1) {\n        $bm_rt = 100;\n    } else {\n        $bm_rt = $bm_mul(FM_controllerLayer.effect('Gilbert Controller')('On white background'), 100);\n    }\n} catch (e) {\n    $bm_rt = value;\n}"},"w":{"a":0,"k":72,"ix":5},"lc":1,"lj":1,"ml":10,"bm":0,"nm":"Stroke 1","mn":"ADBE Vector Graphic - Stroke","hd":false}],"ip":0,"op":750,"st":0,"bm":0}]},{"id":"comp_3","layers":[{"ddd":0,"ind":2,"ty":3,"nm":"Controller","sr":1,"ks":{"o":{"a":0,"k":0,"ix":11},"r":{"a":0,"k":0,"ix":10},"p":{"a":0,"k":[500,500,0],"ix":2},"a":{"a":0,"k":[0,0,0],"ix":1},"s":{"a":0,"k":[100,100,100],"ix":6}},"ao":0,"ef":[{"ty":5,"nm":"Gilbert Controller","np":17,"mn":"Pseudo/0vbarur0o9","ix":1,"en":1,"ef":[{"ty":6,"nm":"Animation","mn":"Pseudo/0vbarur0o9-0001","ix":1,"v":0},{"ty":0,"nm":"Start","mn":"Pseudo/0vbarur0o9-0002","ix":2,"v":{"a":1,"k":[{"i":{"x":[0.999],"y":[1]},"o":{"x":[0.75],"y":[0]},"t":75,"s":[0],"e":[100]},{"t":95}],"ix":2,"x":"var $bm_rt;\nvar FM_controllerComp = comp('Example'), mValue = value;\ntry {\n    var FM_controllerLayer = FM_controllerComp.layer('L 1');\n    $bm_rt = mValue = FM_controllerLayer.effect(1)('Pseudo/0vbarur0o9-0002').valueAtTime($bm_sum(time, FM_controllerLayer.inPoint));\n} catch (err) {\n    $bm_rt = value;\n}\n;"}},{"ty":0,"nm":"End","mn":"Pseudo/0vbarur0o9-0003","ix":3,"v":{"a":1,"k":[{"i":{"x":[0.25],"y":[1]},"o":{"x":[0.001],"y":[0]},"t":0,"s":[0],"e":[100]},{"t":20}],"ix":3,"x":"var $bm_rt;\nvar FM_controllerComp = comp('Example'), mValue = value;\ntry {\n    var FM_controllerLayer = FM_controllerComp.layer('L 1');\n    $bm_rt = mValue = FM_controllerLayer.effect(1)('Pseudo/0vbarur0o9-0003').valueAtTime($bm_sum(time, FM_controllerLayer.inPoint));\n} catch (err) {\n    $bm_rt = value;\n}\n;"}},{"ty":0,"nm":"Offset","mn":"Pseudo/0vbarur0o9-0004","ix":4,"v":{"a":1,"k":[{"i":{"x":[0.25],"y":[1]},"o":{"x":[0.001],"y":[0]},"t":0,"s":[-50],"e":[0]},{"i":{"x":[0.25],"y":[1]},"o":{"x":[0.75],"y":[0]},"t":20,"s":[0],"e":[0]},{"i":{"x":[0.999],"y":[1]},"o":{"x":[0.75],"y":[0]},"t":75,"s":[0],"e":[50]},{"t":95}],"ix":4,"x":"var $bm_rt;\nvar FM_controllerComp = comp('Example'), mValue = value;\ntry {\n    var FM_controllerLayer = FM_controllerComp.layer('L 1');\n    $bm_rt = mValue = FM_controllerLayer.effect(1)('Pseudo/0vbarur0o9-0004').valueAtTime($bm_sum(time, FM_controllerLayer.inPoint));\n} catch (err) {\n    $bm_rt = value;\n}\n;"}},{"ty":6,"nm":"Gilbert Controller","mn":"Pseudo/0vbarur0o9-0005","ix":5,"v":0},{"ty":6,"nm":"Color","mn":"Pseudo/0vbarur0o9-0006","ix":6,"v":0},{"ty":2,"nm":"Color 1","mn":"Pseudo/0vbarur0o9-0007","ix":7,"v":{"a":0,"k":[1,0.262745098039,0.219607843137,1],"ix":7,"x":"var $bm_rt;\nvar FM_controllerComp = comp('Example'), mValue = value;\ntry {\n    var FM_controllerLayer = FM_controllerComp.layer('L 1');\n    $bm_rt = mValue = FM_controllerLayer.effect(1)('Pseudo/0vbarur0o9-0007').valueAtTime($bm_sum(time, FM_controllerLayer.inPoint));\n} catch (err) {\n    $bm_rt = value;\n}\n;"}},{"ty":2,"nm":"Color 2","mn":"Pseudo/0vbarur0o9-0008","ix":8,"v":{"a":0,"k":[1,0.419607843137,0,1],"ix":8,"x":"var $bm_rt;\nvar FM_controllerComp = comp('Example'), mValue = value;\ntry {\n    var FM_controllerLayer = FM_controllerComp.layer('L 1');\n    $bm_rt = mValue = FM_controllerLayer.effect(1)('Pseudo/0vbarur0o9-0008').valueAtTime($bm_sum(time, FM_controllerLayer.inPoint));\n} catch (err) {\n    $bm_rt = value;\n}\n;"}},{"ty":2,"nm":"Color 3","mn":"Pseudo/0vbarur0o9-0009","ix":9,"v":{"a":0,"k":[1,0.78431372549,0.262745098039,1],"ix":9,"x":"var $bm_rt;\nvar FM_controllerComp = comp('Example'), mValue = value;\ntry {\n    var FM_controllerLayer = FM_controllerComp.layer('L 1');\n    $bm_rt = mValue = FM_controllerLayer.effect(1)('Pseudo/0vbarur0o9-0009').valueAtTime($bm_sum(time, FM_controllerLayer.inPoint));\n} catch (err) {\n    $bm_rt = value;\n}\n;"}},{"ty":2,"nm":"Color 4","mn":"Pseudo/0vbarur0o9-0010","ix":10,"v":{"a":0,"k":[0.019607843137,0.807843137255,0.486274509804,1],"ix":10,"x":"var $bm_rt;\nvar FM_controllerComp = comp('Example'), mValue = value;\ntry {\n    var FM_controllerLayer = FM_controllerComp.layer('L 1');\n    $bm_rt = mValue = FM_controllerLayer.effect(1)('Pseudo/0vbarur0o9-0010').valueAtTime($bm_sum(time, FM_controllerLayer.inPoint));\n} catch (err) {\n    $bm_rt = value;\n}\n;"}},{"ty":2,"nm":"Color 5","mn":"Pseudo/0vbarur0o9-0011","ix":11,"v":{"a":0,"k":[0,0.701960784314,0.890196078431,1],"ix":11,"x":"var $bm_rt;\nvar FM_controllerComp = comp('Example'), mValue = value;\ntry {\n    var FM_controllerLayer = FM_controllerComp.layer('L 1');\n    $bm_rt = mValue = FM_controllerLayer.effect(1)('Pseudo/0vbarur0o9-0011').valueAtTime($bm_sum(time, FM_controllerLayer.inPoint));\n} catch (err) {\n    $bm_rt = value;\n}\n;"}},{"ty":2,"nm":"Color 6","mn":"Pseudo/0vbarur0o9-0012","ix":12,"v":{"a":0,"k":[0.854901960784,0.227450980392,0.701960784314,1],"ix":12,"x":"var $bm_rt;\nvar FM_controllerComp = comp('Example'), mValue = value;\ntry {\n    var FM_controllerLayer = FM_controllerComp.layer('L 1');\n    $bm_rt = mValue = FM_controllerLayer.effect(1)('Pseudo/0vbarur0o9-0012').valueAtTime($bm_sum(time, FM_controllerLayer.inPoint));\n} catch (err) {\n    $bm_rt = value;\n}\n;"}},{"ty":7,"nm":"On white background","mn":"Pseudo/0vbarur0o9-0013","ix":13,"v":{"a":0,"k":1,"ix":13,"x":"var $bm_rt;\nvar FM_controllerComp = comp('Example'), mValue = value;\ntry {\n    var FM_controllerLayer = FM_controllerComp.layer('L 1');\n    $bm_rt = mValue = FM_controllerLayer.effect(1)('Pseudo/0vbarur0o9-0013').valueAtTime($bm_sum(time, FM_controllerLayer.inPoint));\n} catch (err) {\n    $bm_rt = value;\n}\n;"}},{"ty":7,"nm":"Use only Color 1","mn":"Pseudo/0vbarur0o9-0014","ix":14,"v":{"a":0,"k":0,"ix":14,"x":"var $bm_rt;\nvar FM_controllerComp = comp('Example'), mValue = value;\ntry {\n    var FM_controllerLayer = FM_controllerComp.layer('L 1');\n    $bm_rt = mValue = FM_controllerLayer.effect(1)('Pseudo/0vbarur0o9-0014').valueAtTime($bm_sum(time, FM_controllerLayer.inPoint));\n} catch (err) {\n    $bm_rt = value;\n}\n;"}},{"ty":6,"nm":"Gilbert Controller","mn":"Pseudo/0vbarur0o9-0015","ix":15,"v":0}]}],"ip":0,"op":750,"st":0,"bm":0},{"ddd":0,"ind":3,"ty":4,"nm":"L 1","sr":1,"ks":{"o":{"a":0,"k":100,"ix":11},"r":{"a":0,"k":0,"ix":10},"p":{"a":0,"k":[500,500,0],"ix":2},"a":{"a":0,"k":[500,500,0],"ix":1},"s":{"a":0,"k":[100,100,100],"ix":6}},"ao":0,"shapes":[{"ty":"gr","it":[{"ind":0,"ty":"sh","ix":1,"ks":{"a":0,"k":{"i":[[0,0],[0,0]],"o":[[0,0],[0,0]],"v":[[415.415,73.465],[415.415,908.845]],"c":false},"ix":2},"nm":"Path 1","mn":"ADBE Vector Shape - Group","hd":false},{"ty":"st","c":{"a":0,"k":[0,0.701960802078,0.890196084976,1],"ix":3,"x":"var $bm_rt;\ntry {\n    var FM_controllerComp = thisComp;\n    var FM_controllerLayer = FM_controllerComp.layer('Controller');\n    $bm_rt = FM_controllerLayer.effect('Gilbert Controller')('Color 5');\n} catch (e) {\n    $bm_rt = value;\n}"},"o":{"a":0,"k":100,"ix":4,"x":"var $bm_rt;\ntry {\n    var FM_controllerComp = thisComp;\n    var FM_controllerLayer = FM_controllerComp.layer('Controller');\n    if (FM_controllerLayer.effect('Gilbert Controller')('Use only Color 1') == 1) {\n        $bm_rt = 0;\n    } else {\n        $bm_rt = 100;\n    }\n} catch (e) {\n    $bm_rt = value;\n}"},"w":{"a":0,"k":72,"ix":5},"lc":1,"lj":1,"ml":10,"bm":0,"nm":"Stroke 1","mn":"ADBE Vector Graphic - Stroke","hd":false},{"ty":"tr","p":{"a":0,"k":[0,0],"ix":2},"a":{"a":0,"k":[0,0],"ix":1},"s":{"a":0,"k":[100,100],"ix":3},"r":{"a":0,"k":0,"ix":6},"o":{"a":0,"k":100,"ix":7},"sk":{"a":0,"k":0,"ix":4},"sa":{"a":0,"k":0,"ix":5},"nm":"Transform"}],"nm":"Group 1","np":2,"cix":2,"bm":0,"ix":1,"mn":"ADBE Vector Group","hd":false},{"ty":"tm","s":{"a":0,"k":0,"ix":1,"x":"var $bm_rt;\ntry {\n    var FM_controllerComp = thisComp;\n    var FM_controllerLayer = FM_controllerComp.layer('Controller');\n    $bm_rt = $bm_div(FM_controllerLayer.effect('Gilbert Controller')('Start'), 2);\n} catch (e) {\n    $bm_rt = value;\n}"},"e":{"a":0,"k":100,"ix":2,"x":"var $bm_rt;\ntry {\n    var FM_controllerComp = thisComp;\n    var FM_controllerLayer = FM_controllerComp.layer('Controller');\n    $bm_rt = $bm_div(FM_controllerLayer.effect('Gilbert Controller')('End'), 2);\n} catch (e) {\n    $bm_rt = value;\n}"},"o":{"a":0,"k":0,"ix":3,"x":"var $bm_rt;\ntry {\n    var FM_controllerComp = thisComp;\n    var FM_controllerLayer = FM_controllerComp.layer('Controller');\n    $bm_rt = linear(FM_controllerLayer.effect('Gilbert Controller')('Offset'), -50, 50, 0, 180);\n} catch (e) {\n    $bm_rt = value;\n}"},"m":1,"ix":2,"nm":"Trim Paths 1","mn":"ADBE Vector Filter - Trim","hd":false}],"ip":0,"op":750,"st":0,"bm":1},{"ddd":0,"ind":4,"ty":4,"nm":"L 2","sr":1,"ks":{"o":{"a":0,"k":100,"ix":11},"r":{"a":0,"k":0,"ix":10},"p":{"a":0,"k":[500,500,0],"ix":2},"a":{"a":0,"k":[500,500,0],"ix":1},"s":{"a":0,"k":[100,100,100],"ix":6}},"ao":0,"shapes":[{"ty":"gr","it":[{"ind":0,"ty":"sh","ix":1,"ks":{"a":0,"k":{"i":[[0,0],[0,0]],"o":[[0,0],[0,0]],"v":[[258.83,664],[741.17,664]],"c":false},"ix":2},"nm":"Path 1","mn":"ADBE Vector Shape - Group","hd":false},{"ty":"st","c":{"a":0,"k":[0.854901969433,0.227450981736,0.701960802078,1],"ix":3,"x":"var $bm_rt;\ntry {\n    var FM_controllerComp = thisComp;\n    var FM_controllerLayer = FM_controllerComp.layer('Controller');\n    $bm_rt = FM_controllerLayer.effect('Gilbert Controller')('Color 6');\n} catch (e) {\n    $bm_rt = value;\n}"},"o":{"a":0,"k":100,"ix":4,"x":"var $bm_rt;\ntry {\n    var FM_controllerComp = thisComp;\n    var FM_controllerLayer = FM_controllerComp.layer('Controller');\n    if (FM_controllerLayer.effect('Gilbert Controller')('Use only Color 1') == 1) {\n        $bm_rt = 0;\n    } else {\n        $bm_rt = 100;\n    }\n} catch (e) {\n    $bm_rt = value;\n}"},"w":{"a":0,"k":72,"ix":5},"lc":1,"lj":1,"ml":10,"bm":0,"nm":"Stroke 1","mn":"ADBE Vector Graphic - Stroke","hd":false},{"ty":"tr","p":{"a":0,"k":[0,0],"ix":2},"a":{"a":0,"k":[0,0],"ix":1},"s":{"a":0,"k":[100,100],"ix":3},"r":{"a":0,"k":0,"ix":6},"o":{"a":0,"k":100,"ix":7},"sk":{"a":0,"k":0,"ix":4},"sa":{"a":0,"k":0,"ix":5},"nm":"Transform"}],"nm":"Group 2","np":2,"cix":2,"bm":0,"ix":1,"mn":"ADBE Vector Group","hd":false},{"ty":"tm","s":{"a":0,"k":0,"ix":1,"x":"var $bm_rt;\ntry {\n    var FM_controllerComp = thisComp;\n    var FM_controllerLayer = FM_controllerComp.layer('Controller');\n    $bm_rt = $bm_div(FM_controllerLayer.effect('Gilbert Controller')('Start'), 2);\n} catch (e) {\n    $bm_rt = value;\n}"},"e":{"a":0,"k":100,"ix":2,"x":"var $bm_rt;\ntry {\n    var FM_controllerComp = thisComp;\n    var FM_controllerLayer = FM_controllerComp.layer('Controller');\n    $bm_rt = $bm_div(FM_controllerLayer.effect('Gilbert Controller')('End'), 2);\n} catch (e) {\n    $bm_rt = value;\n}"},"o":{"a":0,"k":0,"ix":3,"x":"var $bm_rt;\ntry {\n    var FM_controllerComp = thisComp;\n    var FM_controllerLayer = FM_controllerComp.layer('Controller');\n    $bm_rt = linear(FM_controllerLayer.effect('Gilbert Controller')('Offset'), -50, 50, 0, 180);\n} catch (e) {\n    $bm_rt = value;\n}"},"m":1,"ix":2,"nm":"Trim Paths 1","mn":"ADBE Vector Filter - Trim","hd":false}],"ip":0,"op":750,"st":0,"bm":1},{"ddd":0,"ind":5,"ty":4,"nm":"L BG","sr":1,"ks":{"o":{"a":0,"k":100,"ix":11},"r":{"a":0,"k":0,"ix":10},"p":{"a":0,"k":[500,500,0],"ix":2},"a":{"a":0,"k":[500,500,0],"ix":1},"s":{"a":0,"k":[100,100,100],"ix":6}},"ao":0,"shapes":[{"ty":"gr","it":[{"ind":0,"ty":"sh","ix":1,"ks":{"a":0,"k":{"i":[[0,0],[0,0]],"o":[[0,0],[0,0]],"v":[[415.415,73.465],[415.415,908.845]],"c":false},"ix":2},"nm":"Path 1","mn":"ADBE Vector Shape - Group","hd":false},{"ty":"tr","p":{"a":0,"k":[0,0],"ix":2},"a":{"a":0,"k":[0,0],"ix":1},"s":{"a":0,"k":[100,100],"ix":3},"r":{"a":0,"k":0,"ix":6},"o":{"a":0,"k":100,"ix":7},"sk":{"a":0,"k":0,"ix":4},"sa":{"a":0,"k":0,"ix":5},"nm":"Transform"}],"nm":"Group 1","np":1,"cix":2,"bm":0,"ix":1,"mn":"ADBE Vector Group","hd":false},{"ty":"gr","it":[{"ind":0,"ty":"sh","ix":1,"ks":{"a":0,"k":{"i":[[0,0],[0,0]],"o":[[0,0],[0,0]],"v":[[258.83,664],[741.17,664]],"c":false},"ix":2},"nm":"Path 1","mn":"ADBE Vector Shape - Group","hd":false},{"ty":"tr","p":{"a":0,"k":[0,0],"ix":2},"a":{"a":0,"k":[0,0],"ix":1},"s":{"a":0,"k":[100,100],"ix":3},"r":{"a":0,"k":0,"ix":6},"o":{"a":0,"k":100,"ix":7},"sk":{"a":0,"k":0,"ix":4},"sa":{"a":0,"k":0,"ix":5},"nm":"Transform"}],"nm":"Group 2","np":1,"cix":2,"bm":0,"ix":2,"mn":"ADBE Vector Group","hd":false},{"ty":"tm","s":{"a":0,"k":0,"ix":1,"x":"var $bm_rt;\ntry {\n    var FM_controllerComp = thisComp;\n    var FM_controllerLayer = FM_controllerComp.layer('Controller');\n    $bm_rt = $bm_div(FM_controllerLayer.effect('Gilbert Controller')('Start'), 2);\n} catch (e) {\n    $bm_rt = value;\n}"},"e":{"a":0,"k":100,"ix":2,"x":"var $bm_rt;\ntry {\n    var FM_controllerComp = thisComp;\n    var FM_controllerLayer = FM_controllerComp.layer('Controller');\n    $bm_rt = $bm_div(FM_controllerLayer.effect('Gilbert Controller')('End'), 2);\n} catch (e) {\n    $bm_rt = value;\n}"},"o":{"a":0,"k":0,"ix":3,"x":"var $bm_rt;\ntry {\n    var FM_controllerComp = thisComp;\n    var FM_controllerLayer = FM_controllerComp.layer('Controller');\n    $bm_rt = linear(FM_controllerLayer.effect('Gilbert Controller')('Offset'), -50, 50, 0, 180);\n} catch (e) {\n    $bm_rt = value;\n}"},"m":1,"ix":3,"nm":"Trim Paths 1","mn":"ADBE Vector Filter - Trim","hd":false},{"ty":"st","c":{"a":0,"k":[1,1,1,1],"ix":3,"x":"var $bm_rt;\ntry {\n    var FM_controllerComp = thisComp;\n    var FM_controllerLayer = FM_controllerComp.layer('Controller');\n    if (FM_controllerLayer.effect('Gilbert Controller')('Use only Color 1') == 1) {\n        $bm_rt = FM_controllerLayer.effect('Gilbert Controller')('Color 1');\n    } else {\n        $bm_rt = value;\n    }\n} catch (e) {\n    $bm_rt = value;\n}"},"o":{"a":0,"k":100,"ix":4,"x":"var $bm_rt;\ntry {\n    var FM_controllerComp = thisComp;\n    var FM_controllerLayer = FM_controllerComp.layer('Controller');\n    if (FM_controllerLayer.effect('Gilbert Controller')('Use only Color 1') == 1) {\n        $bm_rt = 100;\n    } else {\n        $bm_rt = $bm_mul(FM_controllerLayer.effect('Gilbert Controller')('On white background'), 100);\n    }\n} catch (e) {\n    $bm_rt = value;\n}"},"w":{"a":0,"k":72,"ix":5},"lc":1,"lj":1,"ml":10,"bm":0,"nm":"Stroke 1","mn":"ADBE Vector Graphic - Stroke","hd":false}],"ip":0,"op":750,"st":0,"bm":0}]}],"layers":[{"ddd":0,"ind":1,"ty":3,"nm":"LOAD [Controller]","sr":1,"ks":{"o":{"a":0,"k":100,"ix":11},"r":{"a":0,"k":0,"ix":10},"p":{"a":0,"k":[322.95,749.7,0],"ix":2},"a":{"a":0,"k":[0,415.206,0],"ix":1},"s":{"a":0,"k":[101.01,101.01,100],"ix":6}},"ao":0,"ef":[{"ty":5,"nm":"Font Controller","np":10,"mn":"Pseudo/Ib61aa4a42yOa","ix":1,"en":1,"ef":[{"ty":6,"nm":"","mn":"Pseudo/Ib61aa4a42yOa-0001","ix":1,"v":0},{"ty":6,"nm":"","mn":"Pseudo/Ib61aa4a42yOa-0002","ix":2,"v":0},{"ty":0,"nm":"Tracking","mn":"Pseudo/Ib61aa4a42yOa-0003","ix":3,"v":{"a":0,"k":0,"ix":3}},{"ty":0,"nm":"Tracking center","mn":"Pseudo/Ib61aa4a42yOa-0004","ix":4,"v":{"a":0,"k":0,"ix":4}},{"ty":0,"nm":"Line spacing","mn":"Pseudo/Ib61aa4a42yOa-0005","ix":5,"v":{"a":0,"k":629.099,"ix":5}},{"ty":0,"nm":"Offset animation time","mn":"Pseudo/Ib61aa4a42yOa-0006","ix":6,"v":{"a":0,"k":0,"ix":6}},{"ty":0,"nm":"Y-Offset","mn":"Pseudo/Ib61aa4a42yOa-0007","ix":7,"v":{"a":0,"k":0,"ix":7}},{"ty":0,"nm":"Z-Offset","mn":"Pseudo/Ib61aa4a42yOa-0008","ix":8,"v":{"a":0,"k":0,"ix":8}}]}],"ip":0,"op":125,"st":0,"bm":0},{"ddd":0,"ind":2,"ty":0,"nm":"D 1","parent":1,"refId":"comp_0","sr":1,"ks":{"o":{"a":0,"k":100,"ix":11},"r":{"a":0,"k":0,"ix":10},"p":{"a":0,"k":[1082.862,207.603,0],"ix":2,"x":"var $bm_rt;\nvar coef, x, y, z;\ntry {\n    coef = 101.01;\n    var per = $bm_div(thisComp.layer('LOAD [Controller]').effect('Font Controller')('Tracking center'), 100 / 3);\n    x = $bm_sum(value[0], $bm_mul(thisComp.layer('LOAD [Controller]').effect('Font Controller')('Tracking'), $bm_sub(3, per)));\n    $bm_rt = y = $bm_sum($bm_sum(value[1], $bm_mul($bm_div($bm_mul(thisComp.layer('LOAD [Controller]').effect('Font Controller')('Line spacing'), 100), coef), 0)), $bm_mul(thisComp.layer('LOAD [Controller]').effect('Font Controller')('Y-Offset'), 3));\n    if (thisLayer.position.value.length > 2) {\n        z = $bm_sum(value[2], $bm_mul(thisComp.layer('LOAD [Controller]').effect('Font Controller')('Z-Offset'), 3));\n        $bm_rt = [\n            x,\n            y,\n            z\n        ];\n    } else {\n        $bm_rt = [\n            x,\n            y\n        ];\n    }\n} catch (e) {\n    $bm_rt = value;\n}"},"a":{"a":0,"k":[500,500,0],"ix":1},"s":{"a":0,"k":[100,100,100],"ix":6}},"ao":0,"ef":[{"ty":5,"nm":"Gilbert Controller","np":17,"mn":"Pseudo/0vbarur0o9","ix":1,"en":1,"ef":[{"ty":6,"nm":"Animation","mn":"Pseudo/0vbarur0o9-0001","ix":1,"v":0},{"ty":0,"nm":"Start","mn":"Pseudo/0vbarur0o9-0002","ix":2,"v":{"a":1,"k":[{"i":{"x":[0.999],"y":[1]},"o":{"x":[0.75],"y":[0]},"t":75,"s":[0],"e":[100]},{"t":95}],"ix":2}},{"ty":0,"nm":"End","mn":"Pseudo/0vbarur0o9-0003","ix":3,"v":{"a":1,"k":[{"i":{"x":[0.25],"y":[1]},"o":{"x":[0.001],"y":[0]},"t":0,"s":[0],"e":[100]},{"t":20}],"ix":3}},{"ty":0,"nm":"Offset","mn":"Pseudo/0vbarur0o9-0004","ix":4,"v":{"a":1,"k":[{"i":{"x":[0.25],"y":[1]},"o":{"x":[0.001],"y":[0]},"t":0,"s":[-50],"e":[0]},{"i":{"x":[0.25],"y":[1]},"o":{"x":[0.75],"y":[0]},"t":20,"s":[0],"e":[0]},{"i":{"x":[0.999],"y":[1]},"o":{"x":[0.75],"y":[0]},"t":75,"s":[0],"e":[50]},{"t":95}],"ix":4}},{"ty":6,"nm":"","mn":"Pseudo/0vbarur0o9-0005","ix":5,"v":0},{"ty":6,"nm":"Color","mn":"Pseudo/0vbarur0o9-0006","ix":6,"v":0},{"ty":2,"nm":"Color 1","mn":"Pseudo/0vbarur0o9-0007","ix":7,"v":{"a":0,"k":[1,0.262745112181,0.219607844949,1],"ix":7}},{"ty":2,"nm":"Color 2","mn":"Pseudo/0vbarur0o9-0008","ix":8,"v":{"a":0,"k":[1,0.419607847929,0,1],"ix":8}},{"ty":2,"nm":"Color 3","mn":"Pseudo/0vbarur0o9-0009","ix":9,"v":{"a":0,"k":[1,0.784313738346,0.262745112181,1],"ix":9}},{"ty":2,"nm":"Color 4","mn":"Pseudo/0vbarur0o9-0010","ix":10,"v":{"a":0,"k":[0.019607843831,0.807843148708,0.486274510622,1],"ix":10}},{"ty":2,"nm":"Color 5","mn":"Pseudo/0vbarur0o9-0011","ix":11,"v":{"a":0,"k":[0,0.701960802078,0.890196084976,1],"ix":11}},{"ty":2,"nm":"Color 6","mn":"Pseudo/0vbarur0o9-0012","ix":12,"v":{"a":0,"k":[0.854901969433,0.227450981736,0.701960802078,1],"ix":12}},{"ty":7,"nm":"On white background","mn":"Pseudo/0vbarur0o9-0013","ix":13,"v":{"a":0,"k":1,"ix":13}},{"ty":7,"nm":"Use only Color 1","mn":"Pseudo/0vbarur0o9-0014","ix":14,"v":{"a":0,"k":0,"ix":14}},{"ty":6,"nm":"","mn":"Pseudo/0vbarur0o9-0015","ix":15,"v":0}]}],"tm":{"a":1,"k":[{"i":{"x":[0.833],"y":[0.833]},"o":{"x":[0.167],"y":[0.167]},"t":0,"s":[0],"e":[29.92]},{"t":750}],"ix":2,"x":"var $bm_rt;\nvar numChar, idx, offsetFrame;\ntry {\n    numChar = 4;\n    idx = $bm_mul($bm_sub($bm_sub(index, parent.index), numChar), -1);\n    offsetFrame = $bm_mul(thisComp.layer('LOAD [Controller]').effect('Font Controller')('Offset animation time'), idx);\n    $bm_rt = $bm_sub(value, framesToTime(Math.round(offsetFrame)));\n} catch (e) {\n    $bm_rt = value;\n}"},"w":1000,"h":1000,"ip":0,"op":125,"st":0,"bm":0},{"ddd":0,"ind":3,"ty":0,"nm":"A 1","parent":1,"refId":"comp_1","sr":1,"ks":{"o":{"a":0,"k":100,"ix":11},"r":{"a":0,"k":0,"ix":10},"p":{"a":0,"k":[761.211,207.603,0],"ix":2,"x":"var $bm_rt;\nvar coef, x, y, z;\ntry {\n    coef = 101.01;\n    var per = $bm_div(thisComp.layer('LOAD [Controller]').effect('Font Controller')('Tracking center'), 100 / 3);\n    x = $bm_sum(value[0], $bm_mul(thisComp.layer('LOAD [Controller]').effect('Font Controller')('Tracking'), $bm_sub(2, per)));\n    $bm_rt = y = $bm_sum($bm_sum(value[1], $bm_mul($bm_div($bm_mul(thisComp.layer('LOAD [Controller]').effect('Font Controller')('Line spacing'), 100), coef), 0)), $bm_mul(thisComp.layer('LOAD [Controller]').effect('Font Controller')('Y-Offset'), 2));\n    if (thisLayer.position.value.length > 2) {\n        z = $bm_sum(value[2], $bm_mul(thisComp.layer('LOAD [Controller]').effect('Font Controller')('Z-Offset'), 2));\n        $bm_rt = [\n            x,\n            y,\n            z\n        ];\n    } else {\n        $bm_rt = [\n            x,\n            y\n        ];\n    }\n} catch (e) {\n    $bm_rt = value;\n}"},"a":{"a":0,"k":[500,500,0],"ix":1},"s":{"a":0,"k":[100,100,100],"ix":6}},"ao":0,"ef":[{"ty":5,"nm":"Gilbert Controller","np":17,"mn":"Pseudo/0vbarur0o9","ix":1,"en":1,"ef":[{"ty":6,"nm":"Animation","mn":"Pseudo/0vbarur0o9-0001","ix":1,"v":0},{"ty":0,"nm":"Start","mn":"Pseudo/0vbarur0o9-0002","ix":2,"v":{"a":1,"k":[{"i":{"x":[0.999],"y":[1]},"o":{"x":[0.75],"y":[0]},"t":75,"s":[0],"e":[100]},{"t":95}],"ix":2}},{"ty":0,"nm":"End","mn":"Pseudo/0vbarur0o9-0003","ix":3,"v":{"a":1,"k":[{"i":{"x":[0.25],"y":[1]},"o":{"x":[0.001],"y":[0]},"t":0,"s":[0],"e":[100]},{"t":20}],"ix":3}},{"ty":0,"nm":"Offset","mn":"Pseudo/0vbarur0o9-0004","ix":4,"v":{"a":1,"k":[{"i":{"x":[0.25],"y":[1]},"o":{"x":[0.001],"y":[0]},"t":0,"s":[-50],"e":[0]},{"i":{"x":[0.25],"y":[1]},"o":{"x":[0.75],"y":[0]},"t":20,"s":[0],"e":[0]},{"i":{"x":[0.999],"y":[1]},"o":{"x":[0.75],"y":[0]},"t":75,"s":[0],"e":[50]},{"t":95}],"ix":4}},{"ty":6,"nm":"","mn":"Pseudo/0vbarur0o9-0005","ix":5,"v":0},{"ty":6,"nm":"Color","mn":"Pseudo/0vbarur0o9-0006","ix":6,"v":0},{"ty":2,"nm":"Color 1","mn":"Pseudo/0vbarur0o9-0007","ix":7,"v":{"a":0,"k":[1,0.262745112181,0.219607844949,1],"ix":7}},{"ty":2,"nm":"Color 2","mn":"Pseudo/0vbarur0o9-0008","ix":8,"v":{"a":0,"k":[1,0.419607847929,0,1],"ix":8}},{"ty":2,"nm":"Color 3","mn":"Pseudo/0vbarur0o9-0009","ix":9,"v":{"a":0,"k":[1,0.784313738346,0.262745112181,1],"ix":9}},{"ty":2,"nm":"Color 4","mn":"Pseudo/0vbarur0o9-0010","ix":10,"v":{"a":0,"k":[0.019607843831,0.807843148708,0.486274510622,1],"ix":10}},{"ty":2,"nm":"Color 5","mn":"Pseudo/0vbarur0o9-0011","ix":11,"v":{"a":0,"k":[0,0.701960802078,0.890196084976,1],"ix":11}},{"ty":2,"nm":"Color 6","mn":"Pseudo/0vbarur0o9-0012","ix":12,"v":{"a":0,"k":[0.854901969433,0.227450981736,0.701960802078,1],"ix":12}},{"ty":7,"nm":"On white background","mn":"Pseudo/0vbarur0o9-0013","ix":13,"v":{"a":0,"k":1,"ix":13}},{"ty":7,"nm":"Use only Color 1","mn":"Pseudo/0vbarur0o9-0014","ix":14,"v":{"a":0,"k":0,"ix":14}},{"ty":6,"nm":"","mn":"Pseudo/0vbarur0o9-0015","ix":15,"v":0}]}],"tm":{"a":1,"k":[{"i":{"x":[0.833],"y":[0.833]},"o":{"x":[0.167],"y":[0.167]},"t":0,"s":[0],"e":[29.92]},{"t":750}],"ix":2,"x":"var $bm_rt;\nvar numChar, idx, offsetFrame;\ntry {\n    numChar = 4;\n    idx = $bm_mul($bm_sub($bm_sub(index, parent.index), numChar), -1);\n    offsetFrame = $bm_mul(thisComp.layer('LOAD [Controller]').effect('Font Controller')('Offset animation time'), idx);\n    $bm_rt = $bm_sub(value, framesToTime(Math.round(offsetFrame)));\n} catch (e) {\n    $bm_rt = value;\n}"},"w":1000,"h":1000,"ip":0,"op":125,"st":0,"bm":0},{"ddd":0,"ind":4,"ty":0,"nm":"O 1","parent":1,"refId":"comp_2","sr":1,"ks":{"o":{"a":0,"k":100,"ix":11},"r":{"a":0,"k":0,"ix":10},"p":{"a":0,"k":[443.421,207.603,0],"ix":2,"x":"var $bm_rt;\nvar coef, x, y, z;\ntry {\n    coef = 101.01;\n    var per = $bm_div(thisComp.layer('LOAD [Controller]').effect('Font Controller')('Tracking center'), 100 / 3);\n    x = $bm_sum(value[0], $bm_mul(thisComp.layer('LOAD [Controller]').effect('Font Controller')('Tracking'), $bm_sub(1, per)));\n    $bm_rt = y = $bm_sum($bm_sum(value[1], $bm_mul($bm_div($bm_mul(thisComp.layer('LOAD [Controller]').effect('Font Controller')('Line spacing'), 100), coef), 0)), $bm_mul(thisComp.layer('LOAD [Controller]').effect('Font Controller')('Y-Offset'), 1));\n    if (thisLayer.position.value.length > 2) {\n        z = $bm_sum(value[2], $bm_mul(thisComp.layer('LOAD [Controller]').effect('Font Controller')('Z-Offset'), 1));\n        $bm_rt = [\n            x,\n            y,\n            z\n        ];\n    } else {\n        $bm_rt = [\n            x,\n            y\n        ];\n    }\n} catch (e) {\n    $bm_rt = value;\n}"},"a":{"a":0,"k":[500,500,0],"ix":1},"s":{"a":0,"k":[100,100,100],"ix":6}},"ao":0,"ef":[{"ty":5,"nm":"Gilbert Controller","np":17,"mn":"Pseudo/0vbarur0o9","ix":1,"en":1,"ef":[{"ty":6,"nm":"Animation","mn":"Pseudo/0vbarur0o9-0001","ix":1,"v":0},{"ty":0,"nm":"Start","mn":"Pseudo/0vbarur0o9-0002","ix":2,"v":{"a":1,"k":[{"i":{"x":[0.999],"y":[1]},"o":{"x":[0.75],"y":[0]},"t":75,"s":[0],"e":[100]},{"t":95}],"ix":2}},{"ty":0,"nm":"End","mn":"Pseudo/0vbarur0o9-0003","ix":3,"v":{"a":1,"k":[{"i":{"x":[0.25],"y":[1]},"o":{"x":[0.001],"y":[0]},"t":0,"s":[0],"e":[100]},{"t":20}],"ix":3}},{"ty":0,"nm":"Offset","mn":"Pseudo/0vbarur0o9-0004","ix":4,"v":{"a":1,"k":[{"i":{"x":[0.25],"y":[1]},"o":{"x":[0.001],"y":[0]},"t":0,"s":[-50],"e":[0]},{"i":{"x":[0.25],"y":[1]},"o":{"x":[0.75],"y":[0]},"t":20,"s":[0],"e":[0]},{"i":{"x":[0.999],"y":[1]},"o":{"x":[0.75],"y":[0]},"t":75,"s":[0],"e":[50]},{"t":95}],"ix":4}},{"ty":6,"nm":"","mn":"Pseudo/0vbarur0o9-0005","ix":5,"v":0},{"ty":6,"nm":"Color","mn":"Pseudo/0vbarur0o9-0006","ix":6,"v":0},{"ty":2,"nm":"Color 1","mn":"Pseudo/0vbarur0o9-0007","ix":7,"v":{"a":0,"k":[1,0.262745112181,0.219607844949,1],"ix":7}},{"ty":2,"nm":"Color 2","mn":"Pseudo/0vbarur0o9-0008","ix":8,"v":{"a":0,"k":[1,0.419607847929,0,1],"ix":8}},{"ty":2,"nm":"Color 3","mn":"Pseudo/0vbarur0o9-0009","ix":9,"v":{"a":0,"k":[1,0.784313738346,0.262745112181,1],"ix":9}},{"ty":2,"nm":"Color 4","mn":"Pseudo/0vbarur0o9-0010","ix":10,"v":{"a":0,"k":[0.019607843831,0.807843148708,0.486274510622,1],"ix":10}},{"ty":2,"nm":"Color 5","mn":"Pseudo/0vbarur0o9-0011","ix":11,"v":{"a":0,"k":[0,0.701960802078,0.890196084976,1],"ix":11}},{"ty":2,"nm":"Color 6","mn":"Pseudo/0vbarur0o9-0012","ix":12,"v":{"a":0,"k":[0.854901969433,0.227450981736,0.701960802078,1],"ix":12}},{"ty":7,"nm":"On white background","mn":"Pseudo/0vbarur0o9-0013","ix":13,"v":{"a":0,"k":1,"ix":13}},{"ty":7,"nm":"Use only Color 1","mn":"Pseudo/0vbarur0o9-0014","ix":14,"v":{"a":0,"k":0,"ix":14}},{"ty":6,"nm":"","mn":"Pseudo/0vbarur0o9-0015","ix":15,"v":0}]}],"tm":{"a":1,"k":[{"i":{"x":[0.833],"y":[0.833]},"o":{"x":[0.167],"y":[0.167]},"t":0,"s":[0],"e":[29.92]},{"t":750}],"ix":2,"x":"var $bm_rt;\nvar numChar, idx, offsetFrame;\ntry {\n    numChar = 4;\n    idx = $bm_mul($bm_sub($bm_sub(index, parent.index), numChar), -1);\n    offsetFrame = $bm_mul(thisComp.layer('LOAD [Controller]').effect('Font Controller')('Offset animation time'), idx);\n    $bm_rt = $bm_sub(value, framesToTime(Math.round(offsetFrame)));\n} catch (e) {\n    $bm_rt = value;\n}"},"w":1000,"h":1000,"ip":0,"op":125,"st":0,"bm":0},{"ddd":0,"ind":5,"ty":0,"nm":"L 1","parent":1,"refId":"comp_3","sr":1,"ks":{"o":{"a":0,"k":100,"ix":11},"r":{"a":0,"k":0,"ix":10},"p":{"a":0,"k":[144.045,207.603,0],"ix":2,"x":"var $bm_rt;\nvar x, y, z;\ntry {\n    var per = $bm_div(thisComp.layer('LOAD [Controller]').effect('Font Controller')('Tracking center'), 100 / 3);\n    x = $bm_sum(value[0], $bm_mul(thisComp.layer('LOAD [Controller]').effect('Font Controller')('Tracking'), $bm_sub(0, per)));\n    $bm_rt = y = $bm_sum($bm_sum(value[1], $bm_mul(thisComp.layer('LOAD [Controller]').effect('Font Controller')('Line spacing'), 0)), $bm_mul(thisComp.layer('LOAD [Controller]').effect('Font Controller')('Y-Offset'), 0));\n    if (thisLayer.position.value.length > 2) {\n        z = $bm_sum(value[2], thisComp.layer('LOAD [Controller]').effect('Font Controller')('Z-Offset'));\n        $bm_rt = [\n            x,\n            y,\n            z\n        ];\n    } else {\n        $bm_rt = [\n            x,\n            y\n        ];\n    }\n} catch (e) {\n    $bm_rt = value;\n}"},"a":{"a":0,"k":[500,500,0],"ix":1},"s":{"a":0,"k":[100,100,100],"ix":6}},"ao":0,"ef":[{"ty":5,"nm":"Gilbert Controller","np":17,"mn":"Pseudo/0vbarur0o9","ix":1,"en":1,"ef":[{"ty":6,"nm":"Animation","mn":"Pseudo/0vbarur0o9-0001","ix":1,"v":0},{"ty":0,"nm":"Start","mn":"Pseudo/0vbarur0o9-0002","ix":2,"v":{"a":1,"k":[{"i":{"x":[0.999],"y":[1]},"o":{"x":[0.75],"y":[0]},"t":75,"s":[0],"e":[100]},{"t":95}],"ix":2}},{"ty":0,"nm":"End","mn":"Pseudo/0vbarur0o9-0003","ix":3,"v":{"a":1,"k":[{"i":{"x":[0.25],"y":[1]},"o":{"x":[0.001],"y":[0]},"t":0,"s":[0],"e":[100]},{"t":20}],"ix":3}},{"ty":0,"nm":"Offset","mn":"Pseudo/0vbarur0o9-0004","ix":4,"v":{"a":1,"k":[{"i":{"x":[0.25],"y":[1]},"o":{"x":[0.001],"y":[0]},"t":0,"s":[-50],"e":[0]},{"i":{"x":[0.25],"y":[1]},"o":{"x":[0.75],"y":[0]},"t":20,"s":[0],"e":[0]},{"i":{"x":[0.999],"y":[1]},"o":{"x":[0.75],"y":[0]},"t":75,"s":[0],"e":[50]},{"t":95}],"ix":4}},{"ty":6,"nm":"","mn":"Pseudo/0vbarur0o9-0005","ix":5,"v":0},{"ty":6,"nm":"Color","mn":"Pseudo/0vbarur0o9-0006","ix":6,"v":0},{"ty":2,"nm":"Color 1","mn":"Pseudo/0vbarur0o9-0007","ix":7,"v":{"a":0,"k":[1,0.262745112181,0.219607844949,1],"ix":7}},{"ty":2,"nm":"Color 2","mn":"Pseudo/0vbarur0o9-0008","ix":8,"v":{"a":0,"k":[1,0.419607847929,0,1],"ix":8}},{"ty":2,"nm":"Color 3","mn":"Pseudo/0vbarur0o9-0009","ix":9,"v":{"a":0,"k":[1,0.784313738346,0.262745112181,1],"ix":9}},{"ty":2,"nm":"Color 4","mn":"Pseudo/0vbarur0o9-0010","ix":10,"v":{"a":0,"k":[0.019607843831,0.807843148708,0.486274510622,1],"ix":10}},{"ty":2,"nm":"Color 5","mn":"Pseudo/0vbarur0o9-0011","ix":11,"v":{"a":0,"k":[0,0.701960802078,0.890196084976,1],"ix":11}},{"ty":2,"nm":"Color 6","mn":"Pseudo/0vbarur0o9-0012","ix":12,"v":{"a":0,"k":[0.854901969433,0.227450981736,0.701960802078,1],"ix":12}},{"ty":7,"nm":"On white background","mn":"Pseudo/0vbarur0o9-0013","ix":13,"v":{"a":0,"k":1,"ix":13}},{"ty":7,"nm":"Use only Color 1","mn":"Pseudo/0vbarur0o9-0014","ix":14,"v":{"a":0,"k":0,"ix":14}},{"ty":6,"nm":"","mn":"Pseudo/0vbarur0o9-0015","ix":15,"v":0}]}],"tm":{"a":1,"k":[{"i":{"x":[0.833],"y":[0.833]},"o":{"x":[0.167],"y":[0.167]},"t":0,"s":[0],"e":[29.92]},{"t":750}],"ix":2,"x":"var $bm_rt;\nvar numChar, idx, offsetFrame;\ntry {\n    numChar = 4;\n    idx = $bm_mul($bm_sub($bm_sub(index, parent.index), numChar), -1);\n    offsetFrame = $bm_mul(thisComp.layer('LOAD [Controller]').effect('Font Controller')('Offset animation time'), idx);\n    $bm_rt = $bm_sub(value, framesToTime(Math.round(offsetFrame)));\n} catch (e) {\n    $bm_rt = value;\n}"},"w":1000,"h":1000,"ip":0,"op":125,"st":0,"bm":0}],"markers":[]}