{"v":"5.9.0","fr":29.9700012207031,"ip":0,"op":54.0000021994651,"w":1920,"h":1080,"nm":"Multi Text Animation","ddd":0,"assets":[],"fonts":{"list":[{"origin":3,"fPath":"images/font_0","fClass":"","fFamily":"Snell Roundhand","fWeight":"","fStyle":"Regular","fName":"SnellRoundhand","ascent":73.9986084364355},{"origin":3,"fPath":"images/font_1","fClass":"","fFamily":"Nagista","fWeight":"","fStyle":"Regular","fName":"Nagista","ascent":74.0088500976562},{"origin":3,"fPath":"images/font_2","fClass":"","fFamily":"Kefa","fWeight":"","fStyle":"Regular","fName":"Kefa-Regular","ascent":73.5785522460938}]},"layers":[{"ddd":0,"ind":1,"ty":5,"nm":"CodmericInfotec","sr":1,"ks":{"o":{"a":0,"k":100,"ix":11},"r":{"a":1,"k":[{"i":{"x":[0.833],"y":[0.833]},"o":{"x":[0.167],"y":[0.167]},"t":0,"s":[0]},{"i":{"x":[0.833],"y":[0.833]},"o":{"x":[0.167],"y":[0.167]},"t":15,"s":[35]},{"t":29.0000011811942,"s":[0]}],"ix":10},"p":{"a":1,"k":[{"i":{"x":0.833,"y":0.833},"o":{"x":0.167,"y":0.167},"t":0,"s":[2186,682,0],"to":[0,0,0],"ti":[0,0,0]},{"t":29.0000011811942,"s":[950,798,0]}],"ix":2,"l":2},"a":{"a":0,"k":[0,0,0],"ix":1,"l":2},"s":{"a":1,"k":[{"i":{"x":[0.833,0.833,0.833],"y":[0.833,0.833,0.833]},"o":{"x":[0.167,0.167,0.167],"y":[0.167,0.167,0.167]},"t":0,"s":[100,100,100]},{"t":15.0000006109625,"s":[84,84,100]}],"ix":6,"l":2}},"ao":0,"t":{"d":{"k":[{"s":{"sz":[1388,108],"ps":[-694,-150],"s":94,"f":"Kefa-Regular","t":"CodmericInfotec","ca":0,"j":2,"tr":0,"lh":112.800003051758,"ls":0,"fc":[1,1,1]},"t":0}]},"p":{},"m":{"g":1,"a":{"a":0,"k":[0,0],"ix":2}},"a":[]},"ip":0,"op":900.000036657751,"st":0,"bm":0},{"ddd":0,"ind":2,"ty":5,"nm":"JITHIN PV","sr":1,"ks":{"o":{"a":1,"k":[{"i":{"x":[0.833],"y":[0.833]},"o":{"x":[0.167],"y":[0.167]},"t":0,"s":[100]},{"t":15.0000006109625,"s":[66]}],"ix":11},"r":{"a":1,"k":[{"i":{"x":[0.833],"y":[0.833]},"o":{"x":[0.167],"y":[0.167]},"t":0,"s":[0]},{"i":{"x":[0.833],"y":[0.833]},"o":{"x":[0.167],"y":[0.167]},"t":15,"s":[-5]},{"t":29.0000011811942,"s":[0]}],"ix":10},"p":{"a":1,"k":[{"i":{"x":0,"y":0.762},"o":{"x":0.333,"y":0},"t":0,"s":[508,42,0],"to":[0,0,0],"ti":[0,0,0]},{"t":44.0000017921567,"s":[932,526,0]}],"ix":2,"l":2},"a":{"a":0,"k":[0,0,0],"ix":1,"l":2},"s":{"a":1,"k":[{"i":{"x":[0.833,0.833,0.833],"y":[0.833,0.833,0.833]},"o":{"x":[0.167,0.167,0.167],"y":[0.167,0.167,0.167]},"t":0,"s":[100,100,100]},{"i":{"x":[0.833,0.833,0.833],"y":[0.833,0.833,0.833]},"o":{"x":[0.167,0.167,0.167],"y":[0.167,0.167,0.167]},"t":15,"s":[25,25,100]},{"t":29.0000011811942,"s":[89,89,100]}],"ix":6,"l":2}},"ao":0,"t":{"d":{"k":[{"s":{"sz":[1560,184],"ps":[-760,-106],"s":224,"f":"Nagista","t":"JITHIN PV","ca":0,"j":2,"tr":0,"lh":268.800018310547,"ls":0,"fc":[1,1,1],"sc":[0,0,0],"sw":4,"of":true},"t":0}]},"p":{},"m":{"g":1,"a":{"a":0,"k":[0,0],"ix":2}},"a":[]},"ip":0,"op":900.000036657751,"st":0,"bm":0},{"ddd":0,"ind":3,"ty":5,"nm":"TransAsia","sr":1,"ks":{"o":{"a":1,"k":[{"i":{"x":[0.833],"y":[0.833]},"o":{"x":[0.167],"y":[0.167]},"t":0,"s":[100]},{"t":15.0000006109625,"s":[81]}],"ix":11},"r":{"a":1,"k":[{"i":{"x":[0.833],"y":[0.833]},"o":{"x":[0.167],"y":[0.167]},"t":0,"s":[0]},{"i":{"x":[0.833],"y":[0.833]},"o":{"x":[0.167],"y":[0.167]},"t":15,"s":[32]},{"t":29.0000011811942,"s":[0]}],"ix":10},"p":{"a":1,"k":[{"i":{"x":0.833,"y":0.833},"o":{"x":0.167,"y":0.167},"t":0,"s":[854,1132,0],"to":[0,0,0],"ti":[0,0,0]},{"t":29.0000011811942,"s":[874,812,0]}],"ix":2,"l":2},"a":{"a":0,"k":[0,0,0],"ix":1,"l":2},"s":{"a":1,"k":[{"i":{"x":[0.833,0.833,0.833],"y":[0.833,0.833,0.833]},"o":{"x":[0.167,0.167,0.167],"y":[0.167,0.167,0.167]},"t":0,"s":[100,100,100]},{"t":15.0000006109625,"s":[78,78,100]}],"ix":6,"l":2}},"ao":0,"t":{"d":{"k":[{"s":{"sz":[748,72],"ps":[-374,-36],"s":93,"f":"SnellRoundhand","t":"TransAsia","ca":0,"j":2,"tr":0,"lh":111.600006103516,"ls":0,"fc":[1,1,1]},"t":0}]},"p":{},"m":{"g":1,"a":{"a":0,"k":[0,0],"ix":2}},"a":[]},"ip":0,"op":900.000036657751,"st":0,"bm":0},{"ddd":0,"ind":4,"ty":4,"nm":"Shape Layer 1","sr":1,"ks":{"o":{"a":0,"k":100,"ix":11},"r":{"a":0,"k":0,"ix":10},"p":{"a":1,"k":[{"i":{"x":0.833,"y":0.833},"o":{"x":0.167,"y":0.167},"t":0,"s":[960,540,0],"to":[0,0,0],"ti":[0,0,0]},{"t":29.0000011811942,"s":[1016,548,0]}],"ix":2,"l":2},"a":{"a":0,"k":[0,0,0],"ix":1,"l":2},"s":{"a":1,"k":[{"i":{"x":[0.833,0.833,0.833],"y":[0.833,0.833,0.833]},"o":{"x":[0.167,0.167,0.167],"y":[0.167,0.167,0.167]},"t":0,"s":[100,100,100]},{"i":{"x":[0.833,0.833,0.833],"y":[0.833,0.833,0.833]},"o":{"x":[0.167,0.167,0.167],"y":[0.167,0.167,0.167]},"t":12,"s":[119.522,125.367,100]},{"t":29.0000011811942,"s":[120.853,128.696,100]}],"ix":6,"l":2}},"ao":0,"shapes":[{"ty":"gr","it":[{"ty":"rc","d":1,"s":{"a":0,"k":[1801.547,923.094],"ix":2},"p":{"a":0,"k":[0,0],"ix":3},"r":{"a":0,"k":0,"ix":4},"nm":"Rectangle Path 1","mn":"ADBE Vector Shape - Rect","hd":false},{"ty":"st","c":{"a":0,"k":[1,1,1,1],"ix":3},"o":{"a":0,"k":100,"ix":4},"w":{"a":0,"k":2,"ix":5},"lc":2,"lj":2,"bm":0,"nm":"Stroke 1","mn":"ADBE Vector Graphic - Stroke","hd":false},{"ty":"gf","o":{"a":0,"k":100,"ix":10},"r":1,"bm":0,"g":{"p":3,"k":{"a":0,"k":[0,0,1,0.46,0.504,0.038,0.756,0.485,1,0.077,0.512,0.51],"ix":9}},"s":{"a":0,"k":[-553,-11],"ix":5},"e":{"a":0,"k":[872,0],"ix":6},"t":1,"nm":"Gradient Fill 1","mn":"ADBE Vector Graphic - G-Fill","hd":false},{"ty":"tr","p":{"a":0,"k":[0.773,1.547],"ix":2},"a":{"a":0,"k":[0,0],"ix":1},"s":{"a":0,"k":[100,100],"ix":3},"r":{"a":0,"k":0,"ix":6},"o":{"a":0,"k":100,"ix":7},"sk":{"a":0,"k":0,"ix":4},"sa":{"a":0,"k":0,"ix":5},"nm":"Transform"}],"nm":"Rectangle 1","np":3,"cix":2,"bm":0,"ix":1,"mn":"ADBE Vector Group","hd":false}],"ip":0,"op":900.000036657751,"st":0,"bm":0}],"markers":[]}