{"v":"5.9.0","fr":30,"ip":0,"op":40,"w":400,"h":200,"nm":"TextTemplate","ddd":0,"assets":[],"fonts":{"list":[{"origin":0,"fPath":"","fClass":"","fFamily":"Roboto","fWeight":"","fStyle":"Black","fName":"Roboto-Black","ascent":76}]},"layers":[{"ddd":0,"ind":1,"ty":5,"nm":"LINS DEMO","sr":1,"ks":{"o":{"a":0,"k":100,"ix":11},"r":{"a":0,"k":0,"ix":10},"p":{"a":1,"k":[{"i":{"x":0.833,"y":0.833},"o":{"x":0.167,"y":0.167},"t":0,"s":[34,125.5,0],"to":[0,0,0],"ti":[0,0,0]},{"i":{"x":0.833,"y":0.833},"o":{"x":0.167,"y":0.167},"t":20,"s":[165.5,117,0],"to":[0,0,0],"ti":[0,0,0]},{"t":40,"s":[197,116,0]}],"ix":2,"l":2},"a":{"a":0,"k":[0,0,0],"ix":1,"l":2},"s":{"a":1,"k":[{"i":{"x":[0.833,0.833,0.833],"y":[0.833,0.833,0.833]},"o":{"x":[0.167,0.167,0.167],"y":[0.167,0.167,0.167]},"t":0,"s":[90,90,100]},{"i":{"x":[0.833,0.833,0.833],"y":[0.833,0.833,0.833]},"o":{"x":[0.167,0.167,0.167],"y":[0.167,0.167,0.167]},"t":20,"s":[1,50,100]},{"t":40,"s":[76,73.077,100]}],"ix":6,"l":2}},"ao":0,"t":{"d":{"k":[{"s":{"s":72,"f":"Roboto-Black","t":"LINS DEMO","ca":0,"j":2,"tr":0,"lh":86.4000015258789,"ls":0,"fc":[0.357,1,0],"sc":[0,0,0],"sw":1,"of":true},"t":0}]},"p":{},"m":{"g":1,"a":{"a":0,"k":[0,0],"ix":2}},"a":[]},"ip":0,"op":900,"st":0,"bm":0}],"markers":[]}