{"v":"5.9.0","fr":29.9700012207031,"ip":0,"op":36.0000014663101,"w":1920,"h":1080,"nm":"Multi Text Animation","ddd":0,"assets":[],"fonts":{"list":[{"origin":0,"fPath":"","fClass":"","fFamily":"Malayalam MN","fWeight":"","fStyle":"Bold","fName":"MalayalamMN-Bold","ascent":83.48828125}]},"layers":[{"ddd":0,"ind":1,"ty":5,"nm":"DEMO8","sr":1,"ks":{"o":{"a":0,"k":66,"ix":11},"r":{"a":0,"k":0,"ix":10},"p":{"a":0,"k":[934.128,721.519,0],"ix":2,"l":2},"a":{"a":0,"k":[0,0,0],"ix":1,"l":2},"s":{"a":0,"k":[147.209,145.978,100],"ix":6,"l":2}},"ao":0,"t":{"d":{"k":[{"s":{"sz":[1560,305.348327636719],"ps":[-760,-227.348327636719],"s":224,"f":"MalayalamMN-Bold","t":"DEMO8","ca":0,"j":5,"tr":0,"lh":268.800018310547,"ls":0,"fc":[1,0.625,0],"sc":[0,0,0],"sw":8,"of":true},"t":0}]},"p":{},"m":{"g":1,"a":{"a":0,"k":[0,0],"ix":2}},"a":[]},"ip":0,"op":900.000036657751,"st":0,"bm":0}],"markers":[]}