{"v":"5.9.0","fr":29.9700012207031,"ip":0,"op":36.0000014663101,"w":1920,"h":1080,"nm":"Multi Text Animation","ddd":0,"assets":[],"fonts":{"list":[{"origin":0,"fPath":"","fClass":"","fFamily":"Noto Sans","fWeight":"","fStyle":"Bold","fName":"NotoSans-Bold","ascent":83.9994506835938}]},"layers":[{"ddd":0,"ind":1,"ty":4,"nm":"Shape Layer 1","sr":1,"ks":{"o":{"a":0,"k":100,"ix":11},"r":{"a":0,"k":0,"ix":10},"p":{"a":0,"k":[960,540,0],"ix":2,"l":2},"a":{"a":0,"k":[0,0,0],"ix":1,"l":2},"s":{"a":0,"k":[100,100,100],"ix":6,"l":2}},"ao":0,"shapes":[{"ty":"gr","it":[{"ty":"rc","d":1,"s":{"a":0,"k":[1567.516,786.797],"ix":2},"p":{"a":0,"k":[0,0],"ix":3},"r":{"a":0,"k":20,"ix":4},"nm":"Rectangle Path 1","mn":"ADBE Vector Shape - Rect","hd":false},{"ty":"st","c":{"a":0,"k":[0,0,0,1],"ix":3},"o":{"a":0,"k":100,"ix":4},"w":{"a":0,"k":22,"ix":5},"lc":1,"lj":1,"ml":4,"bm":0,"nm":"Stroke 1","mn":"ADBE Vector Graphic - Stroke","hd":false},{"ty":"tr","p":{"a":0,"k":[-0.789,-35.617],"ix":2},"a":{"a":0,"k":[0,0],"ix":1},"s":{"a":0,"k":[100,100],"ix":3},"r":{"a":0,"k":0,"ix":6},"o":{"a":0,"k":100,"ix":7},"sk":{"a":0,"k":0,"ix":4},"sa":{"a":0,"k":0,"ix":5},"nm":"Transform"}],"nm":"Rectangle 1","np":3,"cix":2,"bm":0,"ix":1,"mn":"ADBE Vector Group","hd":false}],"ip":0,"op":900.000036657751,"st":0,"bm":0},{"ddd":0,"ind":2,"ty":5,"nm":"DEMO6","sr":1,"ks":{"o":{"a":1,"k":[{"i":{"x":[0.833],"y":[0.833]},"o":{"x":[0.167],"y":[0.167]},"t":0,"s":[100]},{"t":15.0000006109625,"s":[66]}],"ix":11},"r":{"a":1,"k":[{"i":{"x":[0.833],"y":[0.833]},"o":{"x":[0.167],"y":[0.167]},"t":0,"s":[0]},{"i":{"x":[0.833],"y":[0.833]},"o":{"x":[0.167],"y":[0.167]},"t":15,"s":[0]},{"t":29.0000011811942,"s":[0]}],"ix":10},"p":{"a":1,"k":[{"i":{"x":0.453,"y":0.443},"o":{"x":0.621,"y":0},"t":0,"s":[508,42,0],"to":[0,0,0],"ti":[0,0,0]},{"i":{"x":0.447,"y":0.949},"o":{"x":0.162,"y":0.097},"t":15,"s":[345.345,328.913,0],"to":[0,0,0],"ti":[0,0,0]},{"i":{"x":0.447,"y":0.833},"o":{"x":0.167,"y":0},"t":29,"s":[860,438,0],"to":[0,0,0],"ti":[0,0,0]},{"t":36.0000014663101,"s":[872,518,0]}],"ix":2,"l":2},"a":{"a":0,"k":[0,0,0],"ix":1,"l":2},"s":{"a":1,"k":[{"i":{"x":[0.833,0.833,0.833],"y":[0.833,0.833,0.833]},"o":{"x":[0.167,0.167,0.167],"y":[0.167,0.167,0.167]},"t":0,"s":[100,100,100]},{"i":{"x":[0.833,0.833,0.833],"y":[0.833,0.833,0.833]},"o":{"x":[0.167,0.167,0.167],"y":[0.167,0.167,0.167]},"t":15,"s":[104,104,100]},{"t":29.0000011811942,"s":[89,89,100]}],"ix":6,"l":2}},"ao":0,"t":{"d":{"k":[{"s":{"sz":[1560,184],"ps":[-760,-106],"s":224,"f":"NotoSans-Bold","t":"DEMO6","ca":0,"j":2,"tr":0,"lh":268.800018310547,"ls":0,"fc":[0.597,0.89,1],"sc":[0,0,0],"sw":8,"of":true},"t":0}]},"p":{},"m":{"g":1,"a":{"a":0,"k":[0,0],"ix":2}},"a":[]},"ip":0,"op":900.000036657751,"st":0,"bm":0}],"markers":[]}