{"v":"5.9.0","fr":30,"ip":0,"op":900,"w":400,"h":200,"nm":"TextALL prop","ddd":0,"assets":[],"fonts":{"list":[{"origin":3,"fPath":"images/font_0","fClass":"","fFamily":"Roboto","fWeight":"","fStyle":"Black","fName":"Roboto-Black","ascent":79}]},"layers":[{"ddd":0,"ind":1,"ty":5,"nm":"_et_1","sr":1,"ks":{"o":{"a":0,"k":88,"ix":11},"r":{"a":0,"k":0,"ix":10},"p":{"a":0,"k":[195,164.5,0],"ix":2,"l":2},"a":{"a":0,"k":[0,0,0],"ix":1,"l":2},"s":{"a":0,"k":[76.008,76.008,100],"ix":6,"l":2}},"ao":0,"t":{"d":{"k":[{"s":{"s":72,"f":"Roboto-Black","t":"Codmeric","ca":0,"j":2,"tr":0,"lh":86.4000015258789,"ls":0,"fc":[0,1,0],"sc":[0,0,1],"sw":4,"of":false},"t":0}]},"p":{},"m":{"g":1,"a":{"a":0,"k":[0,0],"ix":2}},"a":[]},"ip":0,"op":900,"st":0,"bm":0},{"ddd":0,"ind":2,"ty":5,"nm":"_et_2","sr":1,"ks":{"o":{"a":0,"k":88,"ix":11},"r":{"a":0,"k":0,"ix":10},"p":{"a":0,"k":[192.5,95.5,0],"ix":2,"l":2},"a":{"a":0,"k":[0,0,0],"ix":1,"l":2},"s":{"a":0,"k":[120.29,120.29,100],"ix":6,"l":2}},"ao":0,"t":{"d":{"k":[{"s":{"s":72,"f":"Roboto-Black","t":"Lins","ca":0,"j":2,"tr":0,"lh":86.4000015258789,"ls":0,"fc":[0,1,0],"sc":[0,0,1],"sw":4,"of":false},"t":0}]},"p":{},"m":{"g":1,"a":{"a":0,"k":[0,0],"ix":2}},"a":[]},"ip":0,"op":900,"st":0,"bm":0},{"ddd":0,"ind":3,"ty":4,"nm":"_ebg_","sr":1,"ks":{"o":{"a":0,"k":100,"ix":11},"r":{"a":0,"k":0,"ix":10},"p":{"a":0,"k":[200,100,0],"ix":2,"l":2},"a":{"a":0,"k":[0,0,0],"ix":1,"l":2},"s":{"a":0,"k":[100,100,100],"ix":6,"l":2}},"ao":0,"shapes":[{"ty":"gr","it":[{"ty":"rc","d":1,"s":{"a":0,"k":[401.373,200.158],"ix":2},"p":{"a":0,"k":[0,0],"ix":3},"r":{"a":0,"k":58,"ix":4},"nm":"Rectangle Path 1","mn":"ADBE Vector Shape - Rect","hd":false},{"ty":"fl","c":{"a":0,"k":[1,0,0,1],"ix":4},"o":{"a":0,"k":80,"ix":5},"r":1,"bm":0,"nm":"Fill 1","mn":"ADBE Vector Graphic - Fill","hd":false},{"ty":"tr","p":{"a":0,"k":[0.187,-0.421],"ix":2},"a":{"a":0,"k":[0,0],"ix":1},"s":{"a":0,"k":[99.775,100],"ix":3},"r":{"a":0,"k":0,"ix":6},"o":{"a":0,"k":100,"ix":7},"sk":{"a":0,"k":0,"ix":4},"sa":{"a":0,"k":0,"ix":5},"nm":"Transform"}],"nm":"Rectangle 1","np":2,"cix":2,"bm":0,"ix":1,"mn":"ADBE Vector Group","hd":false}],"ip":0,"op":900,"st":0,"bm":0}],"markers":[]}