{"v":"5.9.0","fr":30,"ip":0,"op":1,"w":800,"h":300,"nm":"ClasscNamingMultiLayerMuliLIneTemplate","ddd":0,"assets":[],"fonts":{"list":[{"origin":3,"fPath":"images/font_0","fClass":"","fFamily":"Roboto","fWeight":"","fStyle":"Medium","fName":"Roboto-Medium","ascent":81}]},"layers":[{"ddd":0,"ind":1,"ty":5,"nm":"txt_idx_0_chr_7_","sr":1,"ks":{"o":{"a":0,"k":89.5,"ix":11},"r":{"a":0,"k":0,"ix":10},"p":{"a":0,"k":[400.885,152.746,0],"ix":2,"l":2},"a":{"a":0,"k":[0.385,-21.254,0],"ix":1,"l":2},"s":{"a":0,"k":[100,100,100],"ix":6,"l":2}},"ao":0,"t":{"d":{"k":[{"s":{"sz":[621,108],"ps":[-310.5,-80],"s":92,"f":"Roboto-Medium","t":"HELLO !!","ca":1,"j":2,"tr":43,"lh":58,"ls":-18,"fc":[0.367,0.814,0.818],"sc":[0.365,0.816,0.82],"sw":3,"of":false},"t":0}]},"p":{},"m":{"g":1,"a":{"a":0,"k":[0,0],"ix":2}},"a":[{"nm":"Animator 1","s":{"t":0,"xe":{"a":0,"k":0,"ix":7},"ne":{"a":0,"k":0,"ix":8},"a":{"a":0,"k":100,"ix":4},"b":1,"rn":0,"sh":1,"sm":{"a":0,"k":100,"ix":6},"r":1},"a":{"sk":{"a":0,"k":32,"ix":4},"sa":{"a":0,"k":0,"ix":5}}}]},"ip":0,"op":56,"st":0,"bm":0},{"ddd":0,"ind":2,"ty":5,"nm":"txt_stk_idx_0_","sr":1,"ks":{"o":{"a":0,"k":95.5,"ix":11},"r":{"a":0,"k":0,"ix":10},"p":{"a":0,"k":[400.885,152.746,0],"ix":2,"l":2},"a":{"a":0,"k":[0.385,-21.254,0],"ix":1,"l":2},"s":{"a":0,"k":[100,100,100],"ix":6,"l":2}},"ao":0,"t":{"d":{"k":[{"s":{"sz":[621,108],"ps":[-310.5,-80],"s":92,"f":"Roboto-Medium","t":"HELLO !!","ca":1,"j":2,"tr":43,"lh":58,"ls":-18,"sc":[0.725,1,0.717],"sw":6},"t":0}]},"p":{},"m":{"g":1,"a":{"a":0,"k":[0,0],"ix":2}},"a":[{"nm":"Animator 1","s":{"t":0,"xe":{"a":0,"k":0,"ix":7},"ne":{"a":0,"k":0,"ix":8},"a":{"a":0,"k":100,"ix":4},"b":1,"rn":0,"sh":1,"sm":{"a":0,"k":100,"ix":6},"r":1},"a":{"sk":{"a":0,"k":32,"ix":4},"sa":{"a":0,"k":0,"ix":5}}}]},"ip":0,"op":56,"st":0,"bm":0},{"ddd":0,"ind":3,"ty":5,"nm":"txt_shd_idx_0_","sr":1,"ks":{"o":{"a":0,"k":96.6,"ix":11},"r":{"a":0,"k":0,"ix":10},"p":{"a":0,"k":[400.885,152.746,0],"ix":2,"l":2},"a":{"a":0,"k":[0.385,-21.254,0],"ix":1,"l":2},"s":{"a":0,"k":[100,100,100],"ix":6,"l":2}},"ao":0,"t":{"d":{"k":[{"s":{"sz":[621,108],"ps":[-310.5,-80],"s":92,"f":"Roboto-Medium","t":"HELLO !!","ca":1,"j":2,"tr":43,"lh":58,"ls":-18,"fc":[0.694,0.973,0.929],"sc":[0.693,0.974,0.929],"sw":6,"of":false},"t":0}]},"p":{},"m":{"g":1,"a":{"a":0,"k":[0,0],"ix":2}},"a":[{"nm":"Animator 1","s":{"t":0,"xe":{"a":0,"k":0,"ix":7},"ne":{"a":0,"k":0,"ix":8},"a":{"a":0,"k":100,"ix":4},"b":1,"rn":0,"sh":1,"sm":{"a":0,"k":100,"ix":6},"r":1},"a":{"bl":{"a":0,"k":[11,11],"ix":95}}},{"nm":"Animator 2","s":{"t":0,"xe":{"a":0,"k":0,"ix":7},"ne":{"a":0,"k":0,"ix":8},"a":{"a":0,"k":100,"ix":4},"b":1,"rn":0,"sh":1,"sm":{"a":0,"k":100,"ix":6},"r":1},"a":{"sk":{"a":0,"k":32,"ix":4},"sa":{"a":0,"k":0,"ix":5}}}]},"ip":0,"op":56,"st":0,"bm":0},{"ddd":0,"ind":4,"ty":4,"nm":"txt_bg_idx_0","sr":1,"ks":{"o":{"a":0,"k":98.7,"ix":11},"r":{"a":0,"k":0,"ix":10},"p":{"a":0,"k":[401,149,0],"ix":2,"l":2},"a":{"a":0,"k":[0,0,0],"ix":1,"l":2},"s":{"a":0,"k":[100,100,100],"ix":6,"l":2}},"ao":0,"shapes":[{"ty":"gr","it":[{"ty":"rc","d":1,"s":{"a":0,"k":[622.004,109.039],"ix":2},"p":{"a":0,"k":[0,0],"ix":3},"r":{"a":0,"k":0,"ix":4},"nm":"Rectangle Path 1","mn":"ADBE Vector Shape - Rect","hd":false},{"ty":"fl","c":{"a":0,"k":[0.250539218678,0.275425391104,0.284834558824,1],"ix":4},"o":{"a":0,"k":100,"ix":5},"r":1,"bm":0,"nm":"Fill 1","mn":"ADBE Vector Graphic - Fill","hd":false},{"ty":"tr","p":{"a":0,"k":[0,0],"ix":2},"a":{"a":0,"k":[0,0],"ix":1},"s":{"a":0,"k":[100,100],"ix":3},"r":{"a":0,"k":0,"ix":6},"o":{"a":0,"k":100,"ix":7},"sk":{"a":0,"k":32,"ix":4},"sa":{"a":0,"k":0,"ix":5},"nm":"Transform"}],"nm":"Rectangle 1","np":3,"cix":2,"bm":0,"ix":1,"mn":"ADBE Vector Group","hd":false}],"ip":0,"op":56,"st":0,"bm":0},{"ddd":0,"ind":5,"ty":4,"nm":"bg_idx_0","sr":1,"ks":{"o":{"a":0,"k":100,"ix":11},"r":{"a":0,"k":0,"ix":10},"p":{"a":0,"k":[400,150,0],"ix":2,"l":2},"a":{"a":0,"k":[-0.961,-1.121,0],"ix":1,"l":2},"s":{"a":0,"k":[100,100,100],"ix":6,"l":2}},"ao":0,"shapes":[{"ty":"gr","it":[{"ty":"rc","d":1,"s":{"a":0,"k":[800,300],"ix":2},"p":{"a":0,"k":[0,0],"ix":3},"r":{"a":0,"k":56,"ix":4},"nm":"Rectangle Path 1","mn":"ADBE Vector Shape - Rect","hd":false},{"ty":"fl","c":{"a":0,"k":[0.229191439759,0.226593017578,0.297625612745,1],"ix":4},"o":{"a":0,"k":100,"ix":5},"r":1,"bm":0,"nm":"Fill 1","mn":"ADBE Vector Graphic - Fill","hd":false},{"ty":"tr","p":{"a":0,"k":[-0.961,-1.121],"ix":2},"a":{"a":0,"k":[0,0],"ix":1},"s":{"a":0,"k":[100,100],"ix":3},"r":{"a":0,"k":0,"ix":6},"o":{"a":0,"k":100,"ix":7},"sk":{"a":0,"k":0,"ix":4},"sa":{"a":0,"k":0,"ix":5},"nm":"Transform"}],"nm":"Rectangle 1","np":3,"cix":2,"bm":0,"ix":1,"mn":"ADBE Vector Group","hd":false}],"ip":0,"op":56,"st":0,"bm":0}],"markers":[]}