{"v":"5.6.9","fr":60,"ip":0,"op":199,"w":1920,"h":700,"nm":"Comp 1","ddd":0,"assets":[],"fonts":{"list":[{"fName":"Poppins-Bold","fFamily":"Poppins","fStyle":"Bold","ascent":74.0090234372765}]},"layers":[{"ddd":0,"ind":1,"ty":5,"nm":"FIGHTER","sr":1,"ks":{"o":{"a":0,"k":100,"ix":11},"r":{"a":0,"k":0,"ix":10},"p":{"a":1,"k":[{"i":{"x":0,"y":1},"o":{"x":0.333,"y":0},"t":58,"s":[-483.001,630.6,0],"to":[240.5,0,0],"ti":[-240.5,0,0]},{"t":87,"s":[959.999,630.6,0]}],"ix":2},"a":{"a":0,"k":[0,0,0],"ix":1},"s":{"a":0,"k":[100,100,100],"ix":6}},"ao":0,"t":{"d":{"k":[{"s":{"s":224,"f":"Poppins-Bold","t":"FIGHTER","j":2,"tr":0,"lh":268.8,"ls":0,"fc":[0,0,0],"sc":[1,1,1],"sw":0.00999999977648,"of":false},"t":0}]},"p":{},"m":{"g":1,"a":{"a":0,"k":[0,0],"ix":2}},"a":[]},"ip":0,"op":93,"st":0,"bm":0},{"ddd":0,"ind":2,"ty":5,"nm":"YOUR","sr":1,"ks":{"o":{"a":0,"k":100,"ix":11},"r":{"a":0,"k":0,"ix":10},"p":{"a":1,"k":[{"i":{"x":0,"y":1},"o":{"x":0.333,"y":0},"t":29,"s":[2243.999,426.6,0],"to":[-214,0,0],"ti":[214,0,0]},{"t":58,"s":[959.999,426.6,0]}],"ix":2},"a":{"a":0,"k":[0,0,0],"ix":1},"s":{"a":0,"k":[100,100,100],"ix":6}},"ao":0,"t":{"d":{"k":[{"s":{"s":224,"f":"Poppins-Bold","t":"YOUR","j":2,"tr":0,"lh":268.8,"ls":0,"fc":[0,0,0],"sc":[1,1,1],"sw":0.00999999977648,"of":false},"t":0}]},"p":{},"m":{"g":1,"a":{"a":0,"k":[0,0],"ix":2}},"a":[]},"ip":0,"op":93,"st":0,"bm":0},{"ddd":0,"ind":3,"ty":5,"nm":"CHOOSE","sr":1,"ks":{"o":{"a":0,"k":100,"ix":11},"r":{"a":0,"k":0,"ix":10},"p":{"a":1,"k":[{"i":{"x":0,"y":1},"o":{"x":0.333,"y":0},"t":0,"s":[-483.001,225.632,0],"to":[240.5,0,0],"ti":[-240.5,0,0]},{"t":29,"s":[959.999,225.632,0]}],"ix":2},"a":{"a":0,"k":[0,0,0],"ix":1},"s":{"a":0,"k":[100,100,100],"ix":6}},"ao":0,"t":{"d":{"k":[{"s":{"s":224,"f":"Poppins-Bold","t":"CHOOSE","j":2,"tr":0,"lh":268.8,"ls":0,"fc":[0,0,0],"sc":[1,1,1],"sw":0.00999999977648,"of":false},"t":0}]},"p":{},"m":{"g":1,"a":{"a":0,"k":[0,0],"ix":2}},"a":[]},"ip":0,"op":93,"st":0,"bm":0},{"ddd":0,"ind":4,"ty":5,"nm":"CHOOSE YOUR FIGHTER 2","td":1,"sr":1,"ks":{"o":{"a":0,"k":100,"ix":11},"r":{"a":0,"k":0,"ix":10},"p":{"a":1,"k":[{"i":{"x":0.667,"y":1},"o":{"x":0.97,"y":0},"t":87,"s":[959.999,225.632,0],"to":[-2.637,0.505,0],"ti":[2.637,-0.505,0]},{"t":154,"s":[944.174,228.664,0]}],"ix":2},"a":{"a":0,"k":[0,0,0],"ix":1},"s":{"a":0,"k":[100,100,100],"ix":6}},"ao":0,"t":{"d":{"k":[{"s":{"s":224,"f":"Poppins-Bold","t":"CHOOSE\rYOUR\rFIGHTER","j":2,"tr":0,"lh":202,"ls":0,"fc":[0,0,0],"sc":[1,1,1],"sw":0.00999999977648,"of":false},"t":0}]},"p":{},"m":{"g":1,"a":{"a":0,"k":[0,0],"ix":2}},"a":[]},"ip":87,"op":199,"st":87,"bm":0},{"ddd":0,"ind":5,"ty":4,"nm":"Shape Layer 2","tt":1,"sr":1,"ks":{"o":{"a":0,"k":100,"ix":11},"r":{"a":0,"k":180,"ix":10},"p":{"a":1,"k":[{"i":{"x":0.667,"y":1},"o":{"x":0.991,"y":0},"t":87,"s":[960,350,0],"to":[-2.637,0.505,0],"ti":[2.637,-0.505,0]},{"t":154,"s":[944.175,353.032,0]}],"ix":2},"a":{"a":0,"k":[0,0,0],"ix":1},"s":{"a":0,"k":[100,100,100],"ix":6}},"ao":0,"shapes":[{"ty":"gr","it":[{"ind":0,"ty":"sh","ix":1,"ks":{"a":0,"k":{"i":[[0,0],[0,0],[0,0],[0,0]],"o":[[0,0],[0,0],[0,0],[0,0]],"v":[[468,-287],[465,-286],[-459,282],[468,282]],"c":true},"ix":2},"nm":"Path 1","mn":"ADBE Vector Shape - Group","hd":false},{"ty":"fl","c":{"a":0,"k":[0,0,0,1],"ix":4},"o":{"a":0,"k":100,"ix":5},"r":1,"bm":0,"nm":"Fill 1","mn":"ADBE Vector Graphic - Fill","hd":false},{"ty":"tr","p":{"a":0,"k":[0,0],"ix":2},"a":{"a":0,"k":[0,0],"ix":1},"s":{"a":0,"k":[100,100],"ix":3},"r":{"a":0,"k":0,"ix":6},"o":{"a":0,"k":100,"ix":7},"sk":{"a":0,"k":0,"ix":4},"sa":{"a":0,"k":0,"ix":5},"nm":"Transform"}],"nm":"Shape 1","np":3,"cix":2,"bm":0,"ix":1,"mn":"ADBE Vector Group","hd":false}],"ip":87,"op":199,"st":87,"bm":0},{"ddd":0,"ind":6,"ty":5,"nm":"CHOOSE YOUR FIGHTER","td":1,"sr":1,"ks":{"o":{"a":0,"k":100,"ix":11},"r":{"a":0,"k":0,"ix":10},"p":{"a":1,"k":[{"i":{"x":0.667,"y":1},"o":{"x":0.333,"y":0},"t":87,"s":[959.999,225.632,0],"to":[1,1,0],"ti":[-1,-1,0]},{"t":154,"s":[965.999,231.632,0]}],"ix":2},"a":{"a":0,"k":[0,0,0],"ix":1},"s":{"a":0,"k":[100,100,100],"ix":6}},"ao":0,"t":{"d":{"k":[{"s":{"s":224,"f":"Poppins-Bold","t":"CHOOSE\rYOUR\rFIGHTER","j":2,"tr":0,"lh":202,"ls":0,"fc":[0,0,0],"sc":[1,1,1],"sw":0.00999999977648,"of":false},"t":0}]},"p":{},"m":{"g":1,"a":{"a":0,"k":[0,0],"ix":2}},"a":[]},"ip":87,"op":199,"st":87,"bm":0},{"ddd":0,"ind":7,"ty":4,"nm":"Shape Layer 1","tt":1,"sr":1,"ks":{"o":{"a":0,"k":100,"ix":11},"r":{"a":0,"k":0,"ix":10},"p":{"a":1,"k":[{"i":{"x":0.667,"y":1},"o":{"x":0.333,"y":0},"t":87,"s":[960,350,0],"to":[1,1,0],"ti":[-1,-1,0]},{"t":154,"s":[966,356,0]}],"ix":2},"a":{"a":0,"k":[0,0,0],"ix":1},"s":{"a":0,"k":[100,100,100],"ix":6}},"ao":0,"shapes":[{"ty":"gr","it":[{"ind":0,"ty":"sh","ix":1,"ks":{"a":0,"k":{"i":[[0,0],[0,0],[0,0],[0,0]],"o":[[0,0],[0,0],[0,0],[0,0]],"v":[[468,-287],[465,-286],[-459,282],[468,282]],"c":true},"ix":2},"nm":"Path 1","mn":"ADBE Vector Shape - Group","hd":false},{"ty":"fl","c":{"a":0,"k":[0,0,0,1],"ix":4},"o":{"a":0,"k":100,"ix":5},"r":1,"bm":0,"nm":"Fill 1","mn":"ADBE Vector Graphic - Fill","hd":false},{"ty":"tr","p":{"a":0,"k":[0,0],"ix":2},"a":{"a":0,"k":[0,0],"ix":1},"s":{"a":0,"k":[100,100],"ix":3},"r":{"a":0,"k":0,"ix":6},"o":{"a":0,"k":100,"ix":7},"sk":{"a":0,"k":0,"ix":4},"sa":{"a":0,"k":0,"ix":5},"nm":"Transform"}],"nm":"Shape 1","np":3,"cix":2,"bm":0,"ix":1,"mn":"ADBE Vector Group","hd":false}],"ip":87,"op":987,"st":87,"bm":0}],"markers":[],"chars":[{"ch":"C","size":224,"style":"Bold","w":75.7,"data":{"shapes":[{"ty":"gr","it":[{"ind":0,"ty":"sh","ix":1,"ks":{"a":0,"k":{"i":[[9,0],[5.2,-3.033],[2.833,-5.466],[0,-7],[-2.834,-5.466],[-5.2,-3.033],[-6.867,0],[-5.9,4.767],[-1.734,8],[0,0],[2.766,-1.866],[3.8,0],[3.066,3.634],[0,6.134],[-3.067,3.667],[-5,0],[-2.767,-1.866],[-1.334,-3.266],[0,0],[5.9,4.734]],"o":[[-6.867,0],[-5.2,3.034],[-2.834,5.467],[0,7],[2.833,5.467],[5.2,3.034],[9,0],[5.9,-4.766],[0,0],[-1.334,3.2],[-2.767,1.867],[-5,0],[-3.067,-3.633],[0,-6.133],[3.066,-3.666],[3.8,0],[2.766,1.867],[0,0],[-1.734,-8.066],[-5.9,-4.733]],"v":[[38.2,-71.4],[20.1,-66.85],[8.05,-54.1],[3.8,-35.4],[8.05,-16.7],[20.1,-3.95],[38.2,0.6],[60.55,-6.55],[72,-25.7],[53.9,-25.7],[47.75,-18.1],[37.9,-15.3],[25.8,-20.75],[21.2,-35.4],[25.8,-50.1],[37.9,-55.6],[47.75,-52.8],[53.9,-45.1],[72,-45.1],[60.55,-64.3]],"c":true},"ix":2},"nm":"C","mn":"ADBE Vector Shape - Group","hd":false}],"nm":"C","np":3,"cix":2,"bm":0,"ix":1,"mn":"ADBE Vector Group","hd":false}]},"fFamily":"Poppins"},{"ch":"H","size":224,"style":"Bold","w":72.9,"data":{"shapes":[{"ty":"gr","it":[{"ind":0,"ty":"sh","ix":1,"ks":{"a":0,"k":{"i":[[0,0],[0,0],[0,0],[0,0],[0,0],[0,0],[0,0],[0,0],[0,0],[0,0],[0,0],[0,0]],"o":[[0,0],[0,0],[0,0],[0,0],[0,0],[0,0],[0,0],[0,0],[0,0],[0,0],[0,0],[0,0]],"v":[[49.8,-70.7],[49.8,-43.3],[23,-43.3],[23,-70.7],[5.9,-70.7],[5.9,0],[23,0],[23,-29.5],[49.8,-29.5],[49.8,0],[67,0],[67,-70.7]],"c":true},"ix":2},"nm":"H","mn":"ADBE Vector Shape - Group","hd":false}],"nm":"H","np":3,"cix":2,"bm":0,"ix":1,"mn":"ADBE Vector Group","hd":false}]},"fFamily":"Poppins"},{"ch":"O","size":224,"style":"Bold","w":78.9,"data":{"shapes":[{"ty":"gr","it":[{"ind":0,"ty":"sh","ix":1,"ks":{"a":0,"k":{"i":[[6.666,0],[5.433,-3.1],[3.166,-5.5],[0,-6.933],[-3.167,-5.533],[-5.434,-3.1],[-6.6,0],[-5.434,3.1],[-3.167,5.534],[0,6.934],[3.133,5.5],[5.433,3.1]],"o":[[-6.6,0],[-5.434,3.1],[-3.167,5.5],[0,6.934],[3.166,5.534],[5.433,3.1],[6.6,0],[5.433,-3.1],[3.166,-5.533],[0,-6.933],[-3.134,-5.5],[-5.434,-3.1]],"v":[[39.5,-71.8],[21.45,-67.15],[8.55,-54.25],[3.8,-35.6],[8.55,-16.9],[21.45,-3.95],[39.5,0.7],[57.55,-3.95],[70.45,-16.9],[75.2,-35.6],[70.5,-54.25],[57.65,-67.15]],"c":true},"ix":2},"nm":"O","mn":"ADBE Vector Shape - Group","hd":false},{"ind":1,"ty":"sh","ix":2,"ks":{"a":0,"k":{"i":[[-5.6,0],[-3.3,-3.666],[0,-6.2],[3.333,-3.666],[5.533,0],[3.3,3.667],[0,6.2],[-3.3,3.634]],"o":[[5.6,0],[3.3,3.667],[0,6.2],[-3.334,3.667],[-5.6,0],[-3.3,-3.666],[0,-6.266],[3.3,-3.633]],"v":[[39.5,-55.9],[52.85,-50.4],[57.8,-35.6],[52.8,-20.8],[39.5,-15.3],[26.15,-20.8],[21.2,-35.6],[26.15,-50.45]],"c":true},"ix":2},"nm":"O","mn":"ADBE Vector Shape - Group","hd":false}],"nm":"O","np":5,"cix":2,"bm":0,"ix":1,"mn":"ADBE Vector Group","hd":false}]},"fFamily":"Poppins"},{"ch":"S","size":224,"style":"Bold","w":60.3,"data":{"shapes":[{"ty":"gr","it":[{"ind":0,"ty":"sh","ix":1,"ks":{"a":0,"k":{"i":[[0,3.734],[2.066,2.867],[2.866,1.5],[4.533,1.534],[1.666,0.734],[1.1,1.167],[0,1.667],[-1.234,1.067],[-2,0],[-1.367,-1.366],[-0.334,-2.333],[0,0],[4.633,3.734],[7.866,0],[3.766,-1.633],[2.133,-3.066],[0,-4.2],[-2.034,-2.833],[-2.834,-1.433],[-4.467,-1.533],[-1.734,-0.766],[-1.167,-1.2],[0,-1.8],[1.266,-1.2],[2.2,0],[1.633,1.534],[0.266,2.667],[0,0],[-5.134,-3.866],[-7.934,0],[-3.7,1.867],[-1.9,3.134]],"o":[[0,-4.6],[-2.067,-2.866],[-2.867,-1.5],[-3.134,-1.133],[-1.667,-0.733],[-1.1,-1.166],[0,-2.066],[1.233,-1.066],[2.333,0],[1.366,1.367],[0,0],[-0.6,-6.533],[-4.634,-3.733],[-4.867,0],[-3.767,1.634],[-2.134,3.067],[0,4.534],[2.033,2.834],[2.833,1.434],[3.066,1.067],[1.733,0.767],[1.166,1.2],[0,2],[-1.267,1.2],[-2.534,0],[-1.634,-1.533],[0,0],[0.466,6.934],[5.133,3.867],[5.266,0],[3.7,-1.866],[1.9,-3.133]],"v":[[56.7,-19.9],[53.6,-31.1],[46.2,-37.65],[35.1,-42.2],[27.9,-45],[23.75,-47.85],[22.1,-52.1],[23.95,-56.8],[28.8,-58.4],[34.35,-56.35],[36.9,-50.8],[55.4,-50.8],[47.55,-66.2],[28.8,-71.8],[15.85,-69.35],[7,-62.3],[3.8,-51.4],[6.85,-40.35],[14.15,-33.95],[25.1,-29.5],[32.3,-26.75],[36.65,-23.8],[38.4,-19.3],[36.5,-14.5],[31.3,-12.7],[25.05,-15],[22.2,-21.3],[4,-21.3],[12.4,-5.1],[32,0.7],[45.45,-2.1],[53.85,-9.6]],"c":true},"ix":2},"nm":"S","mn":"ADBE Vector Shape - Group","hd":false}],"nm":"S","np":3,"cix":2,"bm":0,"ix":1,"mn":"ADBE Vector Group","hd":false}]},"fFamily":"Poppins"},{"ch":"E","size":224,"style":"Bold","w":53.7,"data":{"shapes":[{"ty":"gr","it":[{"ind":0,"ty":"sh","ix":1,"ks":{"a":0,"k":{"i":[[0,0],[0,0],[0,0],[0,0],[0,0],[0,0],[0,0],[0,0],[0,0],[0,0],[0,0],[0,0]],"o":[[0,0],[0,0],[0,0],[0,0],[0,0],[0,0],[0,0],[0,0],[0,0],[0,0],[0,0],[0,0]],"v":[[49.9,-57.1],[49.9,-70.7],[5.9,-70.7],[5.9,0],[49.9,0],[49.9,-13.7],[23,-13.7],[23,-29.4],[46.9,-29.4],[46.9,-42.3],[23,-42.3],[23,-57.1]],"c":true},"ix":2},"nm":"E","mn":"ADBE Vector Shape - Group","hd":false}],"nm":"E","np":3,"cix":2,"bm":0,"ix":1,"mn":"ADBE Vector Group","hd":false}]},"fFamily":"Poppins"},{"ch":"\r","size":224,"style":"Bold","w":0,"fFamily":"Poppins"},{"ch":"Y","size":224,"style":"Bold","w":67.7,"data":{"shapes":[{"ty":"gr","it":[{"ind":0,"ty":"sh","ix":1,"ks":{"a":0,"k":{"i":[[0,0],[0,0],[0,0],[0,0],[0,0],[0,0],[0,0],[0,0],[0,0]],"o":[[0,0],[0,0],[0,0],[0,0],[0,0],[0,0],[0,0],[0,0],[0,0]],"v":[[47.6,-70.7],[34,-41.9],[20.4,-70.7],[0.8,-70.7],[25.3,-23.5],[25.3,0],[42.5,0],[42.5,-23.5],[67,-70.7]],"c":true},"ix":2},"nm":"Y","mn":"ADBE Vector Shape - Group","hd":false}],"nm":"Y","np":3,"cix":2,"bm":0,"ix":1,"mn":"ADBE Vector Group","hd":false}]},"fFamily":"Poppins"},{"ch":"U","size":224,"style":"Bold","w":69.7,"data":{"shapes":[{"ty":"gr","it":[{"ind":0,"ty":"sh","ix":1,"ks":{"a":0,"k":{"i":[[0,0],[0,0],[-2.467,-4.6],[-4.334,-2.266],[-5.667,0],[-4.5,2.3],[-2.6,4.567],[0,6.667],[0,0],[0,0],[0,0],[2.1,-2.466],[4,0],[2.1,2.467],[0,4.667],[0,0]],"o":[[0,0],[0,6.667],[2.466,4.6],[4.333,2.267],[5.666,0],[4.5,-2.3],[2.6,-4.566],[0,0],[0,0],[0,0],[0,4.667],[-2.1,2.467],[-4,0],[-2.1,-2.466],[0,0],[0,0]],"v":[[5.5,-70.7],[5.5,-29.9],[9.2,-13],[19.4,-2.7],[34.4,0.7],[49.65,-2.75],[60.3,-13.05],[64.2,-29.9],[64.2,-70.7],[47.1,-70.7],[47.1,-29.9],[43.95,-19.2],[34.8,-15.5],[25.65,-19.2],[22.5,-29.9],[22.5,-70.7]],"c":true},"ix":2},"nm":"U","mn":"ADBE Vector Shape - Group","hd":false}],"nm":"U","np":3,"cix":2,"bm":0,"ix":1,"mn":"ADBE Vector Group","hd":false}]},"fFamily":"Poppins"},{"ch":"R","size":224,"style":"Bold","w":63.6,"data":{"shapes":[{"ty":"gr","it":[{"ind":0,"ty":"sh","ix":1,"ks":{"a":0,"k":{"i":[[0,0],[0,0],[-2.834,3.6],[0,5.134],[1.933,3.367],[3.866,1.934],[5.6,0],[0,0],[0,0],[0,0],[0,0],[0,0],[0,0]],"o":[[0,0],[5.4,-1.333],[2.833,-3.6],[0,-4.333],[-1.934,-3.366],[-3.867,-1.933],[0,0],[0,0],[0,0],[0,0],[0,0],[0,0],[0,0]],"v":[[61.1,0],[44.3,-27.8],[56.65,-35.2],[60.9,-48.3],[58,-59.85],[49.3,-67.8],[35.1,-70.7],[5.9,-70.7],[5.9,0],[23,0],[23,-26.7],[26.9,-26.7],[42.2,0]],"c":true},"ix":2},"nm":"R","mn":"ADBE Vector Shape - Group","hd":false},{"ind":1,"ty":"sh","ix":2,"ks":{"a":0,"k":{"i":[[0,0],[0,0],[-1.634,-1.6],[0,-2.8],[1.6,-1.5],[3.4,0],[0,0]],"o":[[0,0],[3.333,0],[1.633,1.6],[0,2.934],[-1.6,1.5],[0,0],[0,0]],"v":[[23,-56.3],[33.6,-56.3],[41.05,-53.9],[43.5,-47.3],[41.1,-40.65],[33.6,-38.4],[23,-38.4]],"c":true},"ix":2},"nm":"R","mn":"ADBE Vector Shape - Group","hd":false}],"nm":"R","np":5,"cix":2,"bm":0,"ix":1,"mn":"ADBE Vector Group","hd":false}]},"fFamily":"Poppins"},{"ch":"F","size":224,"style":"Bold","w":54.9,"data":{"shapes":[{"ty":"gr","it":[{"ind":0,"ty":"sh","ix":1,"ks":{"a":0,"k":{"i":[[0,0],[0,0],[0,0],[0,0],[0,0],[0,0],[0,0],[0,0],[0,0],[0,0]],"o":[[0,0],[0,0],[0,0],[0,0],[0,0],[0,0],[0,0],[0,0],[0,0],[0,0]],"v":[[5.9,-70.7],[5.9,0],[23,0],[23,-28.6],[45.4,-28.6],[45.4,-41.6],[23,-41.6],[23,-57.1],[52,-57.1],[52,-70.7]],"c":true},"ix":2},"nm":"F","mn":"ADBE Vector Shape - Group","hd":false}],"nm":"F","np":3,"cix":2,"bm":0,"ix":1,"mn":"ADBE Vector Group","hd":false}]},"fFamily":"Poppins"},{"ch":"I","size":224,"style":"Bold","w":28.9,"data":{"shapes":[{"ty":"gr","it":[{"ind":0,"ty":"sh","ix":1,"ks":{"a":0,"k":{"i":[[0,0],[0,0],[0,0],[0,0]],"o":[[0,0],[0,0],[0,0],[0,0]],"v":[[5.9,-70.7],[5.9,0],[23,0],[23,-70.7]],"c":true},"ix":2},"nm":"I","mn":"ADBE Vector Shape - Group","hd":false}],"nm":"I","np":3,"cix":2,"bm":0,"ix":1,"mn":"ADBE Vector Group","hd":false}]},"fFamily":"Poppins"},{"ch":"G","size":224,"style":"Bold","w":76.2,"data":{"shapes":[{"ty":"gr","it":[{"ind":0,"ty":"sh","ix":1,"ks":{"a":0,"k":{"i":[[8.866,0],[5.3,-3.033],[2.9,-5.466],[0,-7],[-2.9,-5.466],[-5.334,-3.033],[-7.134,0],[-4.567,2.2],[-2.934,3.534],[-1.334,4.134],[0,0],[0,0],[0,0],[0,0],[3.066,-2.233],[4.066,0],[3.433,3.6],[0,6.734],[-3.267,3.634],[-5.4,0],[-2.467,-1.5],[-1.2,-2.533],[0,0],[5.733,4.334]],"o":[[-7.067,0],[-5.3,3.034],[-2.9,5.467],[0,7],[2.9,5.467],[5.333,3.034],[5.866,0],[4.566,-2.2],[2.933,-3.533],[0,0],[0,0],[0,0],[0,0],[-1.267,4.134],[-3.067,2.234],[-6.334,0],[-3.434,-3.6],[0,-6.2],[3.266,-3.633],[3.466,0],[2.466,1.5],[0,0],[-1.4,-7.4],[-5.734,-4.333]],"v":[[39,-71.4],[20.45,-66.85],[8.15,-54.1],[3.8,-35.4],[8.15,-16.7],[20.5,-3.95],[39.2,0.6],[54.85,-2.7],[66.1,-11.3],[72.5,-22.8],[72.5,-39.7],[36.6,-39.7],[36.6,-27.4],[58.2,-27.4],[51.7,-17.85],[41,-14.5],[26.35,-19.9],[21.2,-35.4],[26.1,-50.15],[39.1,-55.6],[48,-53.35],[53.5,-47.3],[71.6,-47.3],[60.9,-64.9]],"c":true},"ix":2},"nm":"G","mn":"ADBE Vector Shape - Group","hd":false}],"nm":"G","np":3,"cix":2,"bm":0,"ix":1,"mn":"ADBE Vector Group","hd":false}]},"fFamily":"Poppins"},{"ch":"T","size":224,"style":"Bold","w":58,"data":{"shapes":[{"ty":"gr","it":[{"ind":0,"ty":"sh","ix":1,"ks":{"a":0,"k":{"i":[[0,0],[0,0],[0,0],[0,0],[0,0],[0,0],[0,0],[0,0]],"o":[[0,0],[0,0],[0,0],[0,0],[0,0],[0,0],[0,0],[0,0]],"v":[[1.3,-70.7],[1.3,-57.1],[20.3,-57.1],[20.3,0],[37.5,0],[37.5,-57.1],[56.7,-57.1],[56.7,-70.7]],"c":true},"ix":2},"nm":"T","mn":"ADBE Vector Shape - Group","hd":false}],"nm":"T","np":3,"cix":2,"bm":0,"ix":1,"mn":"ADBE Vector Group","hd":false}]},"fFamily":"Poppins"}]}