{"v":"5.9.0","fr":30,"ip":0,"op":56,"w":800,"h":300,"nm":"Comp 1","ddd":0,"assets":[],"fonts":{"list":[{"origin":3,"fPath":"images/font_0","fClass":"","fFamily":"Roboto","fWeight":"","fStyle":"Medium","fName":"Roboto-Medium","ascent":87}]},"layers":[{"ddd":0,"ind":1,"ty":5,"nm":"HELLO","sr":1,"ks":{"o":{"a":0,"k":100,"ix":11},"r":{"a":0,"k":0,"ix":10},"p":{"a":0,"k":[397.966,173.297,0],"ix":2,"l":2},"a":{"a":0,"k":[2.966,-14.703,0],"ix":1,"l":2},"s":{"a":0,"k":[100,100,100],"ix":6,"l":2}},"ao":0,"t":{"d":{"k":[{"s":{"s":189,"f":"Roboto-Medium","t":"HELLO","ca":1,"j":2,"tr":43,"lh":58,"ls":-18,"fc":[1,0.845,0],"sc":[0.85,0.999,1],"sw":12,"of":false},"t":0}]},"p":{},"m":{"g":1,"a":{"a":0,"k":[0,0],"ix":2}},"a":[{"nm":"Animator 1","s":{"t":0,"xe":{"a":0,"k":0,"ix":7},"ne":{"a":0,"k":0,"ix":8},"a":{"a":0,"k":100,"ix":4},"b":1,"rn":0,"sh":1,"sm":{"a":0,"k":100,"ix":6},"s":{"a":1,"k":[{"i":{"x":[0.833],"y":[0.833]},"o":{"x":[0.167],"y":[0.167]},"t":0,"s":[0]},{"t":55,"s":[100]}],"ix":1},"r":1},"a":{"s":{"a":0,"k":[8,8,100],"ix":3}}}]},"ip":0,"op":56,"st":0,"bm":0}],"markers":[]}