{"v":"5.7.13","fr":29.9700012207031,"ip":0,"op":127.000005172816,"w":500,"h":196,"nm":"Comp 1","ddd":0,"assets":[],"fonts":{"list":[{"fName":"Poppins-Bold","fFamily":"Poppins","fStyle":"Bold","ascent":73.9990234375}]},"layers":[{"ddd":0,"ind":1,"ty":5,"nm":"Creative.","sr":1,"ks":{"o":{"a":0,"k":100,"ix":11},"r":{"a":0,"k":0,"ix":10},"p":{"a":0,"k":[250,114.5,0],"ix":2,"l":2},"a":{"a":0,"k":[1.101,-62,0],"ix":1,"l":2},"s":{"a":1,"k":[{"i":{"x":[0.121,0.121,0.667],"y":[1,1,1]},"o":{"x":[0.879,0.879,0.333],"y":[0,0,0]},"t":29,"s":[33,33,100]},{"i":{"x":[0.121,0.121,0.667],"y":[1,1,1]},"o":{"x":[0.167,0.167,0.167],"y":[0,0,0]},"t":55,"s":[27,27,100]},{"i":{"x":[0.121,0.121,0.667],"y":[1,1,1]},"o":{"x":[0.879,0.879,0.333],"y":[0,0,0]},"t":80,"s":[27,27,100]},{"t":106.000004317469,"s":[33,33,100]}],"ix":6,"l":2}},"ao":0,"t":{"d":{"k":[{"s":{"s":220,"f":"Poppins-Bold","t":"Creative.","ca":0,"j":2,"tr":25,"lh":264,"ls":35,"fc":[0.925,0.035,0.435]},"t":0}]},"p":{},"m":{"g":1,"a":{"a":0,"k":[0,0],"ix":2}},"a":[{"nm":"Animator 1","s":{"t":0,"xe":{"a":0,"k":100,"ix":7},"ne":{"a":0,"k":100,"ix":8},"a":{"a":0,"k":100,"ix":4},"b":1,"rn":0,"sh":2,"o":{"a":1,"k":[{"i":{"x":[0.667],"y":[1]},"o":{"x":[0.333],"y":[0]},"t":0,"s":[-100]},{"t":40.0000016292334,"s":[100]}],"ix":3},"r":1},"a":{"p":{"a":0,"k":[0,70,0],"ix":2},"o":{"a":0,"k":0,"ix":9}}}]},"ip":0,"op":300.00001221925,"st":0,"bm":0}],"markers":[],"chars":[{"ch":"C","size":220,"style":"Bold","w":76.2,"data":{"shapes":[{"ty":"gr","it":[{"ind":0,"ty":"sh","ix":1,"ks":{"a":0,"k":{"i":[[0,-21.149],[-20.847,0],[-4.028,15.308],[0,0],[6.546,0],[0,12.488],[-10.574,0],[-2.921,-6.042],[0,0],[16.818,0]],"o":[[0,21.149],[16.818,0],[0,0],[-2.921,6.042],[-10.574,0],[0,-12.488],[6.546,0],[0,0],[-4.028,-15.308],[-20.847,0]],"v":[[3.323,-35.449],[38.873,0.504],[72.409,-24.17],[53.476,-24.17],[38.672,-15.106],[20.847,-35.449],[38.672,-55.792],[53.476,-46.729],[72.409,-46.729],[38.873,-71.503]],"c":true},"ix":2},"nm":"C","mn":"ADBE Vector Shape - Group","hd":false}],"nm":"C","np":3,"cix":2,"bm":0,"ix":1,"mn":"ADBE Vector Group","hd":false}]},"fFamily":"Poppins"},{"ch":"r","size":220,"style":"Bold","w":42.8,"data":{"shapes":[{"ty":"gr","it":[{"ind":0,"ty":"sh","ix":1,"ks":{"a":0,"k":{"i":[[0,0],[-8.157,0],[0,0],[0,0],[3.928,-5.942],[0,0],[0,0],[0,0],[0,0]],"o":[[0,-9.668],[0,0],[0,0],[-7.553,0],[0,0],[0,0],[0,0],[0,0],[0,0]],"v":[[23.465,-26.083],[36.356,-38.571],[41.089,-38.571],[41.089,-56.799],[23.465,-46.829],[23.465,-56.195],[6.244,-56.195],[6.244,0],[23.465,0]],"c":true},"ix":2},"nm":"r","mn":"ADBE Vector Shape - Group","hd":false}],"nm":"r","np":3,"cix":2,"bm":0,"ix":1,"mn":"ADBE Vector Group","hd":false}]},"fFamily":"Poppins"},{"ch":"e","size":220,"style":"Bold","w":61.6,"data":{"shapes":[{"ty":"gr","it":[{"ind":0,"ty":"sh","ix":1,"ks":{"a":0,"k":{"i":[[-5.64,0],[0,-6.143],[0,0]],"o":[[5.74,0],[0,0],[1.007,-6.244]],"v":[[31.018,-43.204],[41.592,-33.536],[20.041,-33.536]],"c":true},"ix":2},"nm":"e","mn":"ADBE Vector Shape - Group","hd":false},{"ind":1,"ty":"sh","ix":2,"ks":{"a":0,"k":{"i":[[-2.719,10.977],[0,0],[4.834,0],[0.604,7.352],[0,0],[0,1.611],[16.415,0],[0,-17.825],[-16.516,0]],"o":[[0,0],[-1.41,3.021],[-5.539,0],[0,0],[0.201,-1.712],[0,-17.12],[-16.718,0],[0,17.825],[13.998,0]],"v":[[57.907,-18.631],[39.578,-18.631],[30.615,-13.193],[19.94,-23.969],[58.914,-23.969],[59.216,-29.004],[31.219,-57.001],[2.82,-28.098],[31.219,0.806]],"c":true},"ix":2},"nm":"e","mn":"ADBE Vector Shape - Group","hd":false}],"nm":"e","np":5,"cix":2,"bm":0,"ix":1,"mn":"ADBE Vector Group","hd":false}]},"fFamily":"Poppins"},{"ch":"a","size":220,"style":"Bold","w":67.9,"data":{"shapes":[{"ty":"gr","it":[{"ind":0,"ty":"sh","ix":1,"ks":{"a":0,"k":{"i":[[0,-17.725],[-13.696,0],[-3.122,4.935],[0,0],[0,0],[0,0],[0,0],[0,0],[8.359,0]],"o":[[0,17.725],[8.359,0],[0,0],[0,0],[0,0],[0,0],[0,0],[-3.021,-4.935],[-13.797,0]],"v":[[2.82,-28.198],[27.493,0.806],[44.916,-7.956],[44.916,0],[62.137,0],[62.137,-56.195],[44.916,-56.195],[44.916,-48.239],[27.594,-57.001]],"c":true},"ix":2},"nm":"a","mn":"ADBE Vector Shape - Group","hd":false},{"ind":1,"ty":"sh","ix":2,"ks":{"a":0,"k":{"i":[[0,-8.963],[6.546,0],[0,8.963],[-6.445,0]],"o":[[0,8.963],[-6.445,0],[0,-8.963],[6.546,0]],"v":[[44.916,-28.098],[32.629,-14.2],[20.343,-28.198],[32.629,-41.995]],"c":true},"ix":2},"nm":"a","mn":"ADBE Vector Shape - Group","hd":false}],"nm":"a","np":5,"cix":2,"bm":0,"ix":1,"mn":"ADBE Vector Group","hd":false}]},"fFamily":"Poppins"},{"ch":"t","size":220,"style":"Bold","w":40.6,"data":{"shapes":[{"ty":"gr","it":[{"ind":0,"ty":"sh","ix":1,"ks":{"a":0,"k":{"i":[[0,0],[-11.682,0],[0,0],[0,0],[0,0],[0,3.323],[0,0],[0,0],[0,0],[0,0],[0,0],[0,0],[0,0],[0,0],[0,0],[0,0]],"o":[[0,14.603],[0,0],[0,0],[0,0],[-3.827,0],[0,0],[0,0],[0,0],[0,0],[0,0],[0,0],[0,0],[0,0],[0,0],[0,0],[0,0]],"v":[[8.963,-19.537],[28.802,0],[37.564,0],[37.564,-14.603],[31.421,-14.603],[26.184,-19.336],[26.184,-41.895],[37.463,-41.895],[37.463,-56.195],[26.184,-56.195],[26.184,-69.891],[8.963,-69.891],[8.963,-56.195],[2.115,-56.195],[2.115,-41.895],[8.963,-41.895]],"c":true},"ix":2},"nm":"t","mn":"ADBE Vector Shape - Group","hd":false}],"nm":"t","np":3,"cix":2,"bm":0,"ix":1,"mn":"ADBE Vector Group","hd":false}]},"fFamily":"Poppins"},{"ch":"i","size":220,"style":"Bold","w":29.5,"data":{"shapes":[{"ty":"gr","it":[{"ind":0,"ty":"sh","ix":1,"ks":{"a":0,"k":{"i":[[0,0],[0,0],[0,0],[0,0]],"o":[[0,0],[0,0],[0,0],[0,0]],"v":[[6.244,0],[23.465,0],[23.465,-56.195],[6.244,-56.195]],"c":true},"ix":2},"nm":"i","mn":"ADBE Vector Shape - Group","hd":false},{"ind":1,"ty":"sh","ix":2,"ks":{"a":0,"k":{"i":[[-6.143,0],[0,5.136],[6.042,0],[0,-5.237]],"o":[[6.042,0],[0,-5.237],[-6.143,0],[0,5.136]],"v":[[14.905,-62.036],[25.076,-71.301],[14.905,-80.667],[4.633,-71.301]],"c":true},"ix":2},"nm":"i","mn":"ADBE Vector Shape - Group","hd":false}],"nm":"i","np":5,"cix":2,"bm":0,"ix":1,"mn":"ADBE Vector Group","hd":false}]},"fFamily":"Poppins"},{"ch":"v","size":220,"style":"Bold","w":62.6,"data":{"shapes":[{"ty":"gr","it":[{"ind":0,"ty":"sh","ix":1,"ks":{"a":0,"k":{"i":[[0,0],[0,0],[0,0],[0,0],[0,0],[0,0],[0,0]],"o":[[0,0],[0,0],[0,0],[0,0],[0,0],[0,0],[0,0]],"v":[[0.906,-56.195],[20.847,0],[42.096,0],[62.036,-56.195],[43.707,-56.195],[31.522,-16.113],[19.336,-56.195]],"c":true},"ix":2},"nm":"v","mn":"ADBE Vector Shape - Group","hd":false}],"nm":"v","np":3,"cix":2,"bm":0,"ix":1,"mn":"ADBE Vector Group","hd":false}]},"fFamily":"Poppins"},{"ch":".","size":220,"style":"Bold","w":28.2,"data":{"shapes":[{"ty":"gr","it":[{"ind":0,"ty":"sh","ix":1,"ks":{"a":0,"k":{"i":[[0,5.136],[6.042,0],[0,-5.338],[-6.143,0]],"o":[[0,-5.338],[-6.143,0],[0,5.136],[6.042,0]],"v":[[24.472,-8.459],[14.301,-17.926],[4.028,-8.459],[14.301,0.806]],"c":true},"ix":2},"nm":".","mn":"ADBE Vector Shape - Group","hd":false}],"nm":".","np":3,"cix":2,"bm":0,"ix":1,"mn":"ADBE Vector Group","hd":false}]},"fFamily":"Poppins"}]}