{"v":"5.9.0","fr":30,"ip":0,"op":56,"w":800,"h":300,"nm":"Comp 1","ddd":0,"assets":[],"fonts":{"list":[{"origin":3,"fPath":"images/font_0","fClass":"","fFamily":"Zapfino","fWeight":"","fStyle":"Regular","fName":"Zapfino","ascent":198.873717606068}]},"layers":[{"ddd":0,"ind":1,"ty":5,"nm":"txt_idx_0_","sr":1,"ks":{"o":{"a":0,"k":100,"ix":11},"r":{"a":0,"k":0,"ix":10},"p":{"a":0,"k":[397.966,173.297,0],"ix":2,"l":2},"a":{"a":0,"k":[2.966,-14.703,0],"ix":1,"l":2},"s":{"a":0,"k":[100,100,100],"ix":6,"l":2}},"ao":0,"ef":[{"ty":5,"nm":"Shift Channels","np":6,"mn":"ADBE Shift Channels","ix":1,"en":1,"ef":[{"ty":7,"nm":"Take Alpha From","mn":"ADBE Shift Channels-0001","ix":1,"v":{"a":0,"k":9,"ix":1}},{"ty":7,"nm":"Take Red From","mn":"ADBE Shift Channels-0002","ix":2,"v":{"a":0,"k":2,"ix":2}},{"ty":7,"nm":"Take Green From","mn":"ADBE Shift Channels-0003","ix":3,"v":{"a":0,"k":3,"ix":3}},{"ty":7,"nm":"Take Blue From","mn":"ADBE Shift Channels-0004","ix":4,"v":{"a":0,"k":4,"ix":4}}]},{"ty":5,"nm":"CC RepeTile","np":8,"mn":"CC RepeTile","ix":2,"en":1,"ef":[{"ty":0,"nm":"Expand Right","mn":"CC RepeTile-0001","ix":1,"v":{"a":0,"k":50,"ix":1}},{"ty":0,"nm":"Expand Left","mn":"CC RepeTile-0002","ix":2,"v":{"a":0,"k":50,"ix":2}},{"ty":0,"nm":"Expand Down","mn":"CC RepeTile-0003","ix":3,"v":{"a":0,"k":50,"ix":3}},{"ty":0,"nm":"Expand Up","mn":"CC RepeTile-0004","ix":4,"v":{"a":0,"k":50,"ix":4}},{"ty":7,"nm":"Tiling","mn":"CC RepeTile-0005","ix":5,"v":{"a":0,"k":1,"ix":5}},{"ty":0,"nm":"Blend Borders","mn":"CC RepeTile-0006","ix":6,"v":{"a":0,"k":0,"ix":6}}]},{"ty":21,"nm":"Fill","np":9,"mn":"ADBE Fill","ix":3,"en":1,"ef":[{"ty":10,"nm":"Fill Mask","mn":"ADBE Fill-0001","ix":1,"v":{"a":0,"k":0,"ix":1}},{"ty":7,"nm":"All Masks","mn":"ADBE Fill-0007","ix":2,"v":{"a":0,"k":0,"ix":2}},{"ty":2,"nm":"Color","mn":"ADBE Fill-0002","ix":3,"v":{"a":0,"k":[0.230731248856,0.322487294674,0.392662376165,1],"ix":3}},{"ty":7,"nm":"Invert","mn":"ADBE Fill-0006","ix":4,"v":{"a":0,"k":0,"ix":4}},{"ty":0,"nm":"Horizontal Feather","mn":"ADBE Fill-0003","ix":5,"v":{"a":0,"k":0,"ix":5}},{"ty":0,"nm":"Vertical Feather","mn":"ADBE Fill-0004","ix":6,"v":{"a":0,"k":0,"ix":6}},{"ty":0,"nm":"Opacity","mn":"ADBE Fill-0005","ix":7,"v":{"a":0,"k":1,"ix":7}}]},{"ty":5,"nm":"CC Composite","np":6,"mn":"CS Composite","ix":4,"en":1,"ef":[{"ty":10,"nm":"Top Layer","mn":"CS Composite-0004","ix":1,"v":{"a":0,"k":1,"ix":1}},{"ty":0,"nm":"Opacity","mn":"CS Composite-0001","ix":2,"v":{"a":0,"k":100,"ix":2}},{"ty":7,"nm":"Transfer Mode","mn":"CS Composite-0002","ix":3,"v":{"a":0,"k":3,"ix":3}},{"ty":7,"nm":"RGB Only","mn":"CS Composite-0003","ix":4,"v":{"a":0,"k":1,"ix":4}}]}],"t":{"d":{"k":[{"s":{"s":84,"f":"Zapfino","t":"HELLO","ca":1,"j":2,"tr":43,"lh":58,"ls":-18,"fc":[1,0.845,0],"sc":[0.85,0.999,1],"sw":12,"of":false},"t":0}]},"p":{},"m":{"g":1,"a":{"a":0,"k":[0,0],"ix":2}},"a":[{"nm":"Animator 1","s":{"t":0,"xe":{"a":0,"k":0,"ix":7},"ne":{"a":0,"k":0,"ix":8},"a":{"a":0,"k":100,"ix":4},"b":1,"rn":0,"sh":1,"sm":{"a":0,"k":100,"ix":6},"s":{"a":1,"k":[{"i":{"x":[0.833],"y":[0.833]},"o":{"x":[0.167],"y":[0.167]},"t":0,"s":[0]},{"t":55,"s":[100]}],"ix":1},"r":1},"a":{"s":{"a":0,"k":[8,8,100],"ix":3}}}]},"ip":0,"op":56,"st":0,"bm":0}],"markers":[]}