{"v":"5.9.0","fr":30,"ip":0,"op":56,"w":800,"h":300,"nm":"Comp 1","ddd":0,"assets":[],"fonts":{"list":[{"origin":3,"fPath":"images/font_0","fClass":"","fFamily":"Roboto","fWeight":"","fStyle":"Medium","fName":"Roboto-Medium","ascent":75}]},"layers":[{"ddd":0,"ind":1,"ty":5,"nm":"HELLO","sr":1,"ks":{"o":{"a":0,"k":100,"ix":11},"r":{"a":0,"k":0,"ix":10},"p":{"a":0,"k":[397.966,173.297,0],"ix":2,"l":2},"a":{"a":0,"k":[2.966,-14.703,0],"ix":1,"l":2},"s":{"a":0,"k":[100,100,100],"ix":6,"l":2}},"ao":0,"t":{"d":{"k":[{"s":{"s":189,"f":"Roboto-Medium","t":"HELLO","ca":1,"j":2,"tr":43,"lh":58,"ls":-18,"fc":[1,0,0]},"t":0}]},"p":{},"m":{"g":1,"a":{"a":0,"k":[0,0],"ix":2}},"a":[]},"ip":0,"op":56,"st":0,"bm":0}],"markers":[]}