{"v":"5.9.0","fr":30,"ip":0,"op":21,"w":800,"h":300,"nm":"3LayerAllPropDEmoText","ddd":0,"assets":[{"id":"comp_0","nm":"alltext","fr":30,"layers":[{"ddd":0,"ind":1,"ty":0,"nm":"Pre-comp 1","refId":"comp_1","sr":1,"ks":{"o":{"a":0,"k":100,"ix":11},"r":{"a":0,"k":0,"ix":10},"p":{"a":0,"k":[400,150,0],"ix":2,"l":2},"a":{"a":0,"k":[400,150,0],"ix":1,"l":2},"s":{"a":0,"k":[100.25,99.667,100],"ix":6,"l":2}},"ao":0,"w":800,"h":300,"ip":0,"op":56,"st":0,"bm":0},{"ddd":0,"ind":2,"ty":4,"nm":"_txt_bg_idx_1_ ","sr":1,"ks":{"o":{"a":0,"k":95,"ix":11},"r":{"a":0,"k":0,"ix":10},"p":{"a":0,"k":[429.7,228.4,0],"ix":2,"l":2},"a":{"a":0,"k":[2.678,-0.635,0],"ix":1,"l":2},"s":{"a":0,"k":[51,51,100],"ix":6,"l":2}},"ao":0,"shapes":[{"ty":"gr","it":[{"ty":"rc","d":1,"s":{"a":0,"k":[525.4,95.7],"ix":2},"p":{"a":0,"k":[0,0],"ix":3},"r":{"a":0,"k":0,"ix":4},"nm":"Rectangle Path 1","mn":"ADBE Vector Shape - Rect","hd":false},{"ty":"fl","c":{"a":0,"k":[0.310267040776,0.306314326268,0.414368872549,1],"ix":4},"o":{"a":0,"k":100,"ix":5},"r":1,"bm":3,"nm":"Fill 1","mn":"ADBE Vector Graphic - Fill","hd":false},{"ty":"tr","p":{"a":0,"k":[2.678,-0.635],"ix":2},"a":{"a":0,"k":[0,0],"ix":1},"s":{"a":0,"k":[100,100],"ix":3},"r":{"a":0,"k":0,"ix":6},"o":{"a":0,"k":100,"ix":7},"sk":{"a":0,"k":40.1,"ix":4},"sa":{"a":0,"k":0,"ix":5},"nm":"Transform"}],"nm":"Rectangle 1","np":2,"cix":2,"bm":0,"ix":1,"mn":"ADBE Vector Group","hd":false}],"ip":0,"op":56,"st":0,"bm":0},{"ddd":0,"ind":3,"ty":4,"nm":"_txt_bg_idx_0_","sr":1,"ks":{"o":{"a":0,"k":95,"ix":11},"r":{"a":0,"k":0,"ix":10},"p":{"a":0,"k":[402.678,149.365,0],"ix":2,"l":2},"a":{"a":0,"k":[2.678,-0.635,0],"ix":1,"l":2},"s":{"a":0,"k":[100,100,100],"ix":6,"l":2}},"ao":0,"shapes":[{"ty":"gr","it":[{"ty":"rc","d":1,"s":{"a":0,"k":[525.4,95.7],"ix":2},"p":{"a":0,"k":[0,0],"ix":3},"r":{"a":0,"k":0,"ix":4},"nm":"Rectangle Path 1","mn":"ADBE Vector Shape - Rect","hd":false},{"ty":"fl","c":{"a":0,"k":[0.310267040776,0.306314326268,0.414368872549,1],"ix":4},"o":{"a":0,"k":100,"ix":5},"r":1,"bm":3,"nm":"Fill 1","mn":"ADBE Vector Graphic - Fill","hd":false},{"ty":"tr","p":{"a":0,"k":[2.678,-0.635],"ix":2},"a":{"a":0,"k":[0,0],"ix":1},"s":{"a":0,"k":[100,100],"ix":3},"r":{"a":0,"k":0,"ix":6},"o":{"a":0,"k":100,"ix":7},"sk":{"a":0,"k":40.1,"ix":4},"sa":{"a":0,"k":0,"ix":5},"nm":"Transform"}],"nm":"Rectangle 1","np":2,"cix":2,"bm":0,"ix":1,"mn":"ADBE Vector Group","hd":false}],"ip":0,"op":56,"st":0,"bm":0}]},{"id":"comp_1","nm":"Pre-comp 1","fr":30,"layers":[{"ddd":0,"ind":1,"ty":5,"nm":"_txt_idx_0_char_6_ ","sr":1,"ks":{"o":{"a":0,"k":100,"ix":11},"r":{"a":0,"k":0,"ix":10},"p":{"a":0,"k":[426.622,148.746,0],"ix":2,"l":2},"a":{"a":0,"k":[24.622,-20.754,0],"ix":1,"l":2},"s":{"a":0,"k":[100,100,100],"ix":6,"l":2}},"ao":0,"t":{"d":{"k":[{"s":{"sz":[632,95],"ps":[-316,-53.5],"s":83,"f":"Roboto-Bold","t":"WELCOME","ca":0,"j":2,"tr":51,"lh":13,"ls":0,"fc":[1,0.667,0.933],"sc":[1,0.667,0.933],"sw":3,"of":false},"t":0}]},"p":{},"m":{"g":1,"a":{"a":0,"k":[0,0],"ix":2}},"a":[{"nm":"Animator 1","s":{"t":0,"xe":{"a":0,"k":0,"ix":7},"ne":{"a":0,"k":0,"ix":8},"a":{"a":0,"k":100,"ix":4},"b":1,"rn":0,"sh":1,"sm":{"a":0,"k":100,"ix":6},"r":1},"a":{"sk":{"a":0,"k":40.1,"ix":4},"sa":{"a":0,"k":0,"ix":5}}}]},"ip":0,"op":56,"st":0,"bm":0},{"ddd":0,"ind":3,"ty":5,"nm":"_txt_shd_idx_0_ ","sr":1,"ks":{"o":{"a":0,"k":100,"ix":11},"r":{"a":0,"k":0,"ix":10},"p":{"a":0,"k":[426.622,148.746,0],"ix":2,"l":2},"a":{"a":0,"k":[24.622,-20.754,0],"ix":1,"l":2},"s":{"a":0,"k":[100,100,100],"ix":6,"l":2}},"ao":0,"t":{"d":{"k":[{"s":{"sz":[632,113],"ps":[-316,-53.5],"s":83,"f":"Roboto-Bold","t":"WELCOME","ca":0,"j":2,"tr":51,"lh":13,"ls":0,"fc":[0.142,0.142,0.142]},"t":0}]},"p":{},"m":{"g":1,"a":{"a":0,"k":[0,0],"ix":2}},"a":[{"nm":"Animator 1","s":{"t":0,"xe":{"a":0,"k":0,"ix":7},"ne":{"a":0,"k":0,"ix":8},"a":{"a":0,"k":100,"ix":4},"b":1,"rn":0,"sh":1,"sm":{"a":0,"k":100,"ix":6},"r":1},"a":{"sk":{"a":0,"k":40.1,"ix":4},"sa":{"a":0,"k":0,"ix":5}}},{"nm":"Animator 2","s":{"t":0,"xe":{"a":0,"k":0,"ix":7},"ne":{"a":0,"k":0,"ix":8},"a":{"a":0,"k":100,"ix":4},"b":1,"rn":0,"sh":1,"sm":{"a":0,"k":100,"ix":6},"r":1},"a":{"bl":{"a":0,"k":[20,20],"ix":95}}}]},"ip":0,"op":56,"st":0,"bm":0},{"ddd":0,"ind":4,"ty":5,"nm":"_txt_idx_1_char_6_ ","sr":1,"ks":{"o":{"a":0,"k":98,"ix":11},"r":{"a":0,"k":0,"ix":10},"p":{"a":0,"k":[426.622,228.746,0],"ix":2,"l":2},"a":{"a":0,"k":[24.622,-20.754,0],"ix":1,"l":2},"s":{"a":0,"k":[54,54,100],"ix":6,"l":2}},"ao":0,"t":{"d":{"k":[{"s":{"sz":[632,95],"ps":[-316,-53.5],"s":83,"f":"Roboto-Bold","t":"HOME","ca":0,"j":2,"tr":51,"lh":13,"ls":0,"fc":[1,0.667,0.933],"sc":[1,0.667,0.933],"sw":3,"of":false},"t":0}]},"p":{},"m":{"g":1,"a":{"a":0,"k":[0,0],"ix":2}},"a":[{"nm":"Animator 1","s":{"t":0,"xe":{"a":0,"k":0,"ix":7},"ne":{"a":0,"k":0,"ix":8},"a":{"a":0,"k":100,"ix":4},"b":1,"rn":0,"sh":1,"sm":{"a":0,"k":100,"ix":6},"r":1},"a":{"sk":{"a":0,"k":40.1,"ix":4},"sa":{"a":0,"k":0,"ix":5}}}]},"ip":0,"op":56,"st":0,"bm":0},{"ddd":0,"ind":6,"ty":5,"nm":"_txt_shd_idx_1_ ","sr":1,"ks":{"o":{"a":0,"k":100,"ix":11},"r":{"a":0,"k":0,"ix":10},"p":{"a":0,"k":[426.622,228.746,0],"ix":2,"l":2},"a":{"a":0,"k":[24.622,-20.754,0],"ix":1,"l":2},"s":{"a":0,"k":[54,54,100],"ix":6,"l":2}},"ao":0,"t":{"d":{"k":[{"s":{"sz":[632,113],"ps":[-316,-53.5],"s":83,"f":"Roboto-Bold","t":"HOME","ca":0,"j":2,"tr":51,"lh":13,"ls":0,"fc":[0,0,0]},"t":0}]},"p":{},"m":{"g":1,"a":{"a":0,"k":[0,0],"ix":2}},"a":[{"nm":"Animator 1","s":{"t":0,"xe":{"a":0,"k":0,"ix":7},"ne":{"a":0,"k":0,"ix":8},"a":{"a":0,"k":100,"ix":4},"b":1,"rn":0,"sh":1,"sm":{"a":0,"k":100,"ix":6},"r":1},"a":{"sk":{"a":0,"k":40.1,"ix":4},"sa":{"a":0,"k":0,"ix":5}}},{"nm":"Animator 2","s":{"t":0,"xe":{"a":0,"k":0,"ix":7},"ne":{"a":0,"k":0,"ix":8},"a":{"a":0,"k":100,"ix":4},"b":1,"rn":0,"sh":1,"sm":{"a":0,"k":100,"ix":6},"r":1},"a":{"bl":{"a":0,"k":[26,26],"ix":95}}}]},"ip":0,"op":56,"st":0,"bm":0}]}],"fonts":{"list":[{"origin":0,"fPath":"","fClass":"","fFamily":"Roboto","fWeight":"","fStyle":"Bold","fName":"Roboto-Bold","ascent":75}]},"layers":[{"ddd":0,"ind":1,"ty":0,"nm":"alltext","refId":"comp_0","sr":1,"ks":{"o":{"a":0,"k":100,"ix":11},"r":{"a":0,"k":0,"ix":10},"p":{"a":0,"k":[400,131,0],"ix":2,"l":2},"a":{"a":0,"k":[400,150,0],"ix":1,"l":2},"s":{"a":1,"k":[{"i":{"x":[0.833,0.833,0.833],"y":[0.833,0.833,0.833]},"o":{"x":[0.167,0.167,0.167],"y":[0.167,0.167,0.167]},"t":0,"s":[51,51,100]},{"i":{"x":[0.833,0.833,0.833],"y":[0.833,0.833,0.833]},"o":{"x":[0.167,0.167,0.167],"y":[0.167,0.167,0.167]},"t":15,"s":[118,118,100]},{"t":20,"s":[100,100,100]}],"ix":6,"l":2}},"ao":0,"w":800,"h":300,"ip":0,"op":56,"st":0,"bm":0},{"ddd":0,"ind":2,"ty":4,"nm":"_bg_idx_0","sr":1,"ks":{"o":{"a":0,"k":100,"ix":11},"r":{"a":0,"k":0,"ix":10},"p":{"a":0,"k":[400.351,149.537,0],"ix":2,"l":2},"a":{"a":0,"k":[0.424,-0.488,0],"ix":1,"l":2},"s":{"a":0,"k":[82.872,94.771,100],"ix":6,"l":2}},"ao":0,"shapes":[{"ty":"gr","it":[{"ty":"rc","d":1,"s":{"a":0,"k":[804.848,305.023],"ix":2},"p":{"a":0,"k":[0,0],"ix":3},"r":{"a":0,"k":317,"ix":4},"nm":"Rectangle Path 1","mn":"ADBE Vector Shape - Rect","hd":false},{"ty":"st","c":{"a":0,"k":[1,0,0,1],"ix":3},"o":{"a":0,"k":100,"ix":4},"w":{"a":0,"k":0,"ix":5},"lc":1,"lj":1,"ml":4,"bm":0,"nm":"Stroke 1","mn":"ADBE Vector Graphic - Stroke","hd":false},{"ty":"fl","c":{"a":0,"k":[0.046329655367,0.120382383758,0.2,1],"ix":4},"o":{"a":0,"k":100,"ix":5},"r":1,"bm":0,"nm":"Fill 1","mn":"ADBE Vector Graphic - Fill","hd":false},{"ty":"tr","p":{"a":0,"k":[0.424,-0.488],"ix":2},"a":{"a":0,"k":[0,0],"ix":1},"s":{"a":0,"k":[100,100],"ix":3},"r":{"a":0,"k":0,"ix":6},"o":{"a":0,"k":100,"ix":7},"sk":{"a":0,"k":0,"ix":4},"sa":{"a":0,"k":0,"ix":5},"nm":"Transform"}],"nm":"Rectangle 1","np":3,"cix":2,"bm":0,"ix":1,"mn":"ADBE Vector Group","hd":false}],"ip":0,"op":56,"st":0,"bm":0}],"markers":[]}