{"v":"5.9.0","fr":30,"ip":0,"op":56,"w":800,"h":300,"nm":"redtextt","ddd":0,"assets":[],"fonts":{"list":[{"origin":3,"fPath":"images/font_0","fClass":"","fFamily":"Roboto","fWeight":"","fStyle":"Bold","fName":"Roboto-Bold","ascent":78},{"origin":3,"fPath":"images/font_1","fClass":"","fFamily":"Roboto","fWeight":"","fStyle":"Italic","fName":"Roboto-Italic","ascent":78}]},"layers":[{"ddd":0,"ind":1,"ty":5,"nm":"txt_idx_0_","sr":1,"ks":{"o":{"a":0,"k":98,"ix":11},"r":{"a":0,"k":0,"ix":10},"p":{"a":0,"k":[407,95,0],"ix":2,"l":2},"a":{"a":0,"k":[0,0,0],"ix":1,"l":2},"s":{"a":0,"k":[70,75.211,100],"ix":6,"l":2}},"ao":0,"ef":[{"ty":25,"nm":"Drop Shadow","np":8,"mn":"ADBE Drop Shadow","ix":1,"en":1,"ef":[{"ty":2,"nm":"Shadow Color","mn":"ADBE Drop Shadow-0001","ix":1,"v":{"a":0,"k":[0.145649507642,0.145649507642,0.145649507642,1],"ix":1}},{"ty":0,"nm":"Opacity","mn":"ADBE Drop Shadow-0002","ix":2,"v":{"a":0,"k":232.5,"ix":2}},{"ty":0,"nm":"Direction","mn":"ADBE Drop Shadow-0003","ix":3,"v":{"a":0,"k":135,"ix":3}},{"ty":0,"nm":"Distance","mn":"ADBE Drop Shadow-0004","ix":4,"v":{"a":0,"k":5,"ix":4}},{"ty":0,"nm":"Softness","mn":"ADBE Drop Shadow-0005","ix":5,"v":{"a":0,"k":33,"ix":5}},{"ty":7,"nm":"Shadow Only","mn":"ADBE Drop Shadow-0006","ix":6,"v":{"a":0,"k":0,"ix":6}}]}],"t":{"d":{"k":[{"s":{"sz":[682,125],"ps":[-341,-60],"s":92,"f":"Roboto-Italic","t":"LOTTIE STYLE","ca":1,"j":2,"tr":43,"lh":58,"ls":-18,"fc":[0.048,0.447,0],"sc":[0.85,0.999,1],"sw":3,"of":false},"t":0}]},"p":{},"m":{"g":1,"a":{"a":0,"k":[0,0],"ix":2}},"a":[]},"ip":0,"op":56,"st":0,"bm":0},{"ddd":0,"ind":2,"ty":4,"nm":"txt_bg_idx_0","sr":1,"ks":{"o":{"a":0,"k":89,"ix":11},"r":{"a":0,"k":0,"ix":10},"p":{"a":0,"k":[400,90,0],"ix":2,"l":2},"a":{"a":0,"k":[0,0,0],"ix":1,"l":2},"s":{"a":0,"k":[76.545,63.25,100],"ix":6,"l":2}},"ao":0,"shapes":[{"ty":"gr","it":[{"ty":"rc","d":1,"s":{"a":0,"k":[665.109,137.762],"ix":2},"p":{"a":0,"k":[0,0],"ix":3},"r":{"a":0,"k":0,"ix":4},"nm":"Rectangle Path 1","mn":"ADBE Vector Shape - Rect","hd":false},{"ty":"fl","c":{"a":0,"k":[1,0.291912004059,0,1],"ix":4},"o":{"a":0,"k":100,"ix":5},"r":1,"bm":0,"nm":"Fill 1","mn":"ADBE Vector Graphic - Fill","hd":false},{"ty":"tr","p":{"a":0,"k":[3.555,-2.119],"ix":2},"a":{"a":0,"k":[0,0],"ix":1},"s":{"a":0,"k":[100,100],"ix":3},"r":{"a":0,"k":0,"ix":6},"o":{"a":0,"k":100,"ix":7},"sk":{"a":0,"k":0,"ix":4},"sa":{"a":0,"k":0,"ix":5},"nm":"Transform"}],"nm":"Rectangle 1","np":3,"cix":2,"bm":0,"ix":1,"mn":"ADBE Vector Group","hd":false}],"ip":0,"op":56,"st":0,"bm":0},{"ddd":0,"ind":3,"ty":5,"nm":"txt_idx_1_","sr":1,"ks":{"o":{"a":0,"k":98,"ix":11},"r":{"a":0,"k":0,"ix":10},"p":{"a":0,"k":[406,215,0],"ix":2,"l":2},"a":{"a":0,"k":[0,0,0],"ix":1,"l":2},"s":{"a":0,"k":[70,75.211,100],"ix":6,"l":2}},"ao":0,"ef":[{"ty":25,"nm":"Drop Shadow","np":8,"mn":"ADBE Drop Shadow","ix":1,"en":1,"ef":[{"ty":2,"nm":"Shadow Color","mn":"ADBE Drop Shadow-0001","ix":1,"v":{"a":0,"k":[0.168413519859,0.114124409854,0.175857841969,1],"ix":1}},{"ty":0,"nm":"Opacity","mn":"ADBE Drop Shadow-0002","ix":2,"v":{"a":0,"k":238.5,"ix":2}},{"ty":0,"nm":"Direction","mn":"ADBE Drop Shadow-0003","ix":3,"v":{"a":0,"k":135,"ix":3}},{"ty":0,"nm":"Distance","mn":"ADBE Drop Shadow-0004","ix":4,"v":{"a":0,"k":5,"ix":4}},{"ty":0,"nm":"Softness","mn":"ADBE Drop Shadow-0005","ix":5,"v":{"a":0,"k":33,"ix":5}},{"ty":7,"nm":"Shadow Only","mn":"ADBE Drop Shadow-0006","ix":6,"v":{"a":0,"k":0,"ix":6}}]}],"t":{"d":{"k":[{"s":{"sz":[682,125],"ps":[-341,-60],"s":73,"f":"Roboto-Bold","t":"LOTTIE STYLE","ca":1,"j":2,"tr":43,"lh":58,"ls":-18,"fc":[1,0,0.32],"sc":[1,0.85,0.886],"sw":3,"of":false},"t":0}]},"p":{},"m":{"g":1,"a":{"a":0,"k":[0,0],"ix":2}},"a":[]},"ip":0,"op":56,"st":0,"bm":0},{"ddd":0,"ind":4,"ty":4,"nm":"txt_bg_idx_1_","sr":1,"ks":{"o":{"a":0,"k":89,"ix":11},"r":{"a":0,"k":0,"ix":10},"p":{"a":0,"k":[399,210,0],"ix":2,"l":2},"a":{"a":0,"k":[0,0,0],"ix":1,"l":2},"s":{"a":0,"k":[76.545,63.25,100],"ix":6,"l":2}},"ao":0,"shapes":[{"ty":"gr","it":[{"ty":"rc","d":1,"s":{"a":0,"k":[693.1,143.559],"ix":2},"p":{"a":0,"k":[0,0],"ix":3},"r":{"a":0,"k":0,"ix":4},"nm":"Rectangle Path 1","mn":"ADBE Vector Shape - Rect","hd":false},{"ty":"fl","c":{"a":0,"k":[0.51478247549,0.974534995883,1,1],"ix":4},"o":{"a":0,"k":100,"ix":5},"r":1,"bm":0,"nm":"Fill 1","mn":"ADBE Vector Graphic - Fill","hd":false},{"ty":"tr","p":{"a":0,"k":[3.555,-2.119],"ix":2},"a":{"a":0,"k":[0,0],"ix":1},"s":{"a":0,"k":[100,100],"ix":3},"r":{"a":0,"k":0,"ix":6},"o":{"a":0,"k":100,"ix":7},"sk":{"a":0,"k":0,"ix":4},"sa":{"a":0,"k":0,"ix":5},"nm":"Transform"}],"nm":"Rectangle 1","np":3,"cix":2,"bm":0,"ix":1,"mn":"ADBE Vector Group","hd":false}],"ip":0,"op":56,"st":0,"bm":0}],"markers":[]}