{"v":"5.7.0","fr":24,"ip":0,"op":72,"w":1080,"h":1080,"nm":"MAIN smiling","ddd":0,"assets":[{"id":"comp_0","layers":[{"ddd":0,"ind":1,"ty":3,"nm":"NULL CONTROL ","sr":1,"ks":{"o":{"a":0,"k":0,"ix":11},"r":{"a":0,"k":0,"ix":10},"p":{"a":1,"k":[{"i":{"x":0.5,"y":1},"o":{"x":0.181,"y":0.044},"t":67,"s":[959.498,698.231,0],"to":[0,0,0],"ti":[0,2.219,0]},{"i":{"x":0.5,"y":1},"o":{"x":0.356,"y":0},"t":75,"s":[959.498,711.583,0],"to":[0,-0.018,0],"ti":[0,2.219,0]},{"i":{"x":0.815,"y":0.931},"o":{"x":0.5,"y":0},"t":78,"s":[959.498,711.583,0],"to":[0,-0.097,0],"ti":[0,0.113,0]},{"i":{"x":0.886,"y":0.595},"o":{"x":0.055,"y":0.066},"t":86,"s":[959.498,694.231,0],"to":[0,-2.133,0],"ti":[0,2.804,0]},{"t":178,"s":[959.498,632.834,0]}],"ix":2},"a":{"a":0,"k":[50,50,0],"ix":1},"s":{"a":1,"k":[{"i":{"x":[0,0,0],"y":[1,1,1]},"o":{"x":[0.016,0.016,0.016],"y":[0,0,0]},"t":70,"s":[100,100,100]},{"t":148,"s":[106,106,100]}],"ix":6}},"ao":0,"ip":-4,"op":192,"st":6,"bm":0},{"ddd":0,"ind":2,"ty":4,"nm":"Shape Layer 2","parent":3,"td":1,"sr":1,"ks":{"o":{"a":0,"k":100,"ix":11},"r":{"a":0,"k":0,"ix":10},"p":{"a":0,"k":[329.049,-64.911,0],"ix":2},"a":{"a":0,"k":[0,0,0],"ix":1},"s":{"a":0,"k":[95.238,95.238,100],"ix":6}},"ao":0,"shapes":[{"ty":"gr","it":[{"ind":0,"ty":"sh","ix":1,"ks":{"a":0,"k":{"i":[[0,0],[0,0],[-26.5,0],[0,0],[6.75,5.25],[0,0],[-1.25,11.5],[-21.731,0.898],[0,0],[0,0]],"o":[[0,0],[0,0],[26.5,0],[0,0],[-6.75,-5.25],[0,0],[1.25,-11.5],[30.25,-1.25],[0,0],[0,0]],"v":[[-323.5,183.25],[-323.5,207.75],[-295.25,228],[-266,206],[-273.5,179.25],[-319.25,135.75],[-325,115.25],[-298.5,85],[-268.5,114],[-268.5,134.25]],"c":false},"ix":2},"nm":"Path 1","mn":"ADBE Vector Shape - Group","hd":false},{"ty":"st","c":{"a":0,"k":[0.721307992935,0.281163990498,0.281163990498,1],"ix":3},"o":{"a":0,"k":100,"ix":4},"w":{"a":0,"k":49,"ix":5},"lc":1,"lj":1,"ml":4,"bm":0,"nm":"Stroke 1","mn":"ADBE Vector Graphic - Stroke","hd":false},{"ty":"tr","p":{"a":0,"k":[0,0],"ix":2},"a":{"a":0,"k":[0,0],"ix":1},"s":{"a":0,"k":[100,100],"ix":3},"r":{"a":0,"k":0,"ix":6},"o":{"a":0,"k":100,"ix":7},"sk":{"a":0,"k":0,"ix":4},"sa":{"a":0,"k":0,"ix":5},"nm":"Transform"}],"nm":"Shape 1","np":3,"cix":2,"bm":0,"ix":1,"mn":"ADBE Vector Group","hd":false},{"ty":"tm","s":{"a":1,"k":[{"i":{"x":[0.35],"y":[1]},"o":{"x":[0.65],"y":[0]},"t":52,"s":[49]},{"t":68,"s":[0]}],"ix":1},"e":{"a":1,"k":[{"i":{"x":[0.35],"y":[1]},"o":{"x":[0.65],"y":[0]},"t":52,"s":[49]},{"t":68,"s":[100]}],"ix":2},"o":{"a":0,"k":0,"ix":3},"m":1,"ix":2,"nm":"Trim Paths 1","mn":"ADBE Vector Filter - Trim","hd":false}],"ip":55,"op":197,"st":45,"bm":0},{"ddd":0,"ind":3,"ty":4,"nm":"S","parent":1,"tt":1,"sr":1,"ks":{"o":{"a":0,"k":100,"ix":11},"r":{"a":1,"k":[{"i":{"x":[0.786],"y":[1]},"o":{"x":[0.214],"y":[0]},"t":78,"s":[0]},{"i":{"x":[0.833],"y":[1]},"o":{"x":[0.214],"y":[0]},"t":86,"s":[13.806]},{"t":159,"s":[18.806]}],"ix":10},"p":{"a":1,"k":[{"t":64,"s":[-245.019,49.947,0],"h":1},{"i":{"x":0.644,"y":1},"o":{"x":0.319,"y":0.06},"t":78,"s":[-245.019,49.947,0],"to":[0.158,-1.056,0],"ti":[-2.495,19.22,0]},{"i":{"x":0.5,"y":1},"o":{"x":0.214,"y":0},"t":88,"s":[-231.943,-49.26,0],"to":[2.495,-19.22,0],"ti":[-0.316,2.685,0]},{"t":159,"s":[-230.047,-65.371,0]}],"ix":2},"a":{"a":0,"k":[47.6,85.972,0],"ix":1},"s":{"a":1,"k":[{"i":{"x":[0.5,0.5,0.5],"y":[1,1,1]},"o":{"x":[0.181,0.181,0.181],"y":[0.046,0.066,-1.347]},"t":67,"s":[105,105,100]},{"i":{"x":[0.648,0.648,0.648],"y":[1,1,1]},"o":{"x":[0.5,0.5,0.5],"y":[0,0,0]},"t":75,"s":[119,88,100]},{"i":{"x":[0.5,0.5,0.5],"y":[1,1,1]},"o":{"x":[0.5,0.5,0.5],"y":[0,0,0]},"t":78,"s":[119,88,100]},{"i":{"x":[0.833,0.833,0.833],"y":[1,0.833,1]},"o":{"x":[0.5,0.5,0.5],"y":[0,0,0]},"t":82,"s":[105,113,100]},{"t":87,"s":[105,105,100]}],"ix":6}},"ao":0,"shapes":[{"ty":"gr","it":[{"ind":0,"ty":"sh","ix":1,"ks":{"a":0,"k":{"i":[[0,0],[-0.559,0.958],[-1.915,0],[0,0],[-0.52,-0.758],[0,-2.156],[0,0],[-1.317,-1.275],[-2.076,0],[-1.239,1.277],[0,2.714],[0.639,1.517],[1.276,1.517],[1.916,1.637],[2.474,1.996],[3.831,3.154],[2.832,2.754],[1.994,2.714],[1.197,3.113],[0.558,3.792],[0,4.951],[-2.754,5.588],[-4.391,3.753],[-5.429,1.916],[-5.348,0],[-5.668,-2.113],[-4.112,-4.03],[-2.355,-5.905],[0,-7.502],[0,0],[0.639,-0.678],[2.314,0],[0,0],[0.438,0.678],[0,1.996],[0,0],[0.997,1.517],[2.314,0],[0.997,-1.356],[0,-2.075],[-0.359,-1.357],[-0.958,-1.316],[-1.757,-1.476],[-2.874,-1.994],[-4.989,-4.109],[-3.831,-4.948],[-2.275,-6.026],[0,-7.662],[2.234,-5.387],[4.149,-3.99],[5.906,-2.354],[7.261,0],[5.986,2.793],[3.711,4.351],[1.635,5.429],[0,5.267]],"o":[[0,-2.554],[0.558,-0.958],[0,0],[2.075,0],[0.519,0.759],[0,0],[0,3.592],[1.317,1.277],[1.836,0],[1.236,-1.275],[0,-1.755],[-0.639,-1.515],[-1.277,-1.516],[-1.915,-1.636],[-4.949,-3.99],[-3.831,-3.152],[-2.834,-2.754],[-1.996,-2.712],[-1.198,-3.112],[-0.559,-3.79],[0,-7.341],[2.754,-5.586],[4.388,-3.75],[5.427,-1.916],[6.624,0],[5.667,2.116],[4.11,4.031],[2.354,5.908],[0,0],[0,1.916],[-0.639,0.678],[0,0],[-1.676,0],[-0.44,-0.678],[0,0],[0,-2.874],[-0.998,-1.515],[-2.077,0],[-0.999,1.358],[0,1.837],[0.359,1.358],[0.958,1.318],[1.754,1.477],[5.427,3.912],[4.987,4.111],[3.831,4.949],[2.274,6.027],[0,6.148],[-2.236,5.388],[-4.151,3.991],[-5.908,2.353],[-8.62,0],[-5.986,-2.793],[-3.712,-4.349],[-1.637,-5.427],[0,0]],"v":[[-47.35,33.522],[-46.513,28.254],[-42.802,26.818],[-11.674,26.818],[-7.783,27.955],[-7.004,32.325],[-7.004,37.473],[-5.029,44.776],[0.059,46.692],[4.669,44.776],[6.525,38.79],[5.566,33.881],[2.693,29.332],[-2.096,24.603],[-8.681,19.155],[-21.85,8.44],[-31.847,-0.419],[-39.09,-8.621],[-43.879,-17.361],[-46.513,-27.716],[-47.35,-40.827],[-43.221,-60.221],[-32.505,-74.229],[-17.779,-82.729],[-1.617,-85.602],[16.82,-82.43],[31.487,-73.211],[41.184,-58.306],[44.716,-38.192],[44.716,-31.608],[43.758,-27.716],[39.329,-26.699],[8.799,-26.699],[5.627,-27.716],[4.968,-31.727],[4.968,-37.953],[3.471,-44.538],[-1.497,-46.812],[-6.105,-44.777],[-7.603,-39.629],[-7.064,-34.84],[-5.089,-30.83],[-1.018,-26.639],[5.926,-21.431],[21.551,-9.399],[34.779,4.19],[43.939,20.652],[47.35,41.184],[43.999,58.484],[34.421,72.552],[19.335,82.07],[-0.419,85.602],[-22.329,81.412],[-36.875,70.696],[-44.897,56.03],[-47.35,39.987]],"c":true},"ix":2},"nm":"Path 1","mn":"ADBE Vector Shape - Group","hd":false},{"ty":"fl","c":{"a":0,"k":[0.977925857843,0.949271587297,0.929434024586,1],"ix":4},"o":{"a":0,"k":100,"ix":5},"r":1,"bm":0,"nm":"Fill 1","mn":"ADBE Vector Graphic - Fill","hd":false},{"ty":"tr","p":{"a":0,"k":[47.6,85.972],"ix":2},"a":{"a":0,"k":[0,0],"ix":1},"s":{"a":0,"k":[100,100],"ix":3},"r":{"a":0,"k":0,"ix":6},"o":{"a":0,"k":100,"ix":7},"sk":{"a":0,"k":0,"ix":4},"sa":{"a":0,"k":0,"ix":5},"nm":"Transform"}],"nm":"Group 7","np":2,"cix":2,"bm":0,"ix":1,"mn":"ADBE Vector Group","hd":false}],"ip":-4,"op":192,"st":40,"bm":0},{"ddd":0,"ind":4,"ty":4,"nm":"M mask","parent":5,"td":1,"sr":1,"ks":{"o":{"a":0,"k":100,"ix":11},"r":{"a":0,"k":0,"ix":10},"p":{"a":0,"k":[328.5,-65.082,0],"ix":2},"a":{"a":0,"k":[0,0,0],"ix":1},"s":{"a":0,"k":[95.238,95.238,100],"ix":6}},"ao":0,"shapes":[{"ty":"gr","it":[{"ind":0,"ty":"sh","ix":1,"ks":{"a":0,"k":{"i":[[0,4.5],[0,0],[-24,0],[0,-4.5],[0,0],[0,0],[-26,0],[0,5],[0,0]],"o":[[0,-4.5],[0,0],[24,0],[0,4.5],[0,0],[0,0],[26,0],[0,-5],[0,0]],"v":[[-217.5,250.5],[-217.5,112.5],[-188.5,89.5],[-159,109.5],[-159,253.5],[-159.031,109.266],[-128,89],[-100.25,110.5],[-100.25,250]],"c":false},"ix":2},"nm":"Path 1","mn":"ADBE Vector Shape - Group","hd":false},{"ty":"st","c":{"a":0,"k":[0.721307992935,0.281163990498,0.281163990498,1],"ix":3},"o":{"a":0,"k":100,"ix":4},"w":{"a":0,"k":49,"ix":5},"lc":1,"lj":1,"ml":4,"bm":0,"nm":"Stroke 1","mn":"ADBE Vector Graphic - Stroke","hd":false},{"ty":"tr","p":{"a":0,"k":[0,0],"ix":2},"a":{"a":0,"k":[0,0],"ix":1},"s":{"a":0,"k":[100,100],"ix":3},"r":{"a":0,"k":0,"ix":6},"o":{"a":0,"k":100,"ix":7},"sk":{"a":0,"k":0,"ix":4},"sa":{"a":0,"k":0,"ix":5},"nm":"Transform"}],"nm":"Shape 1","np":3,"cix":2,"bm":0,"ix":1,"mn":"ADBE Vector Group","hd":false},{"ty":"tm","s":{"a":1,"k":[{"i":{"x":[0.35],"y":[1]},"o":{"x":[0.65],"y":[0]},"t":46,"s":[50]},{"t":66,"s":[0]}],"ix":1},"e":{"a":1,"k":[{"i":{"x":[0.35],"y":[1]},"o":{"x":[0.65],"y":[0]},"t":46,"s":[50]},{"t":66,"s":[100]}],"ix":2},"o":{"a":0,"k":0,"ix":3},"m":1,"ix":2,"nm":"Trim Paths 1","mn":"ADBE Vector Filter - Trim","hd":false}],"ip":50,"op":195,"st":43,"bm":0},{"ddd":0,"ind":5,"ty":4,"nm":"M","parent":1,"tt":1,"sr":1,"ks":{"o":{"a":0,"k":100,"ix":11},"r":{"a":1,"k":[{"i":{"x":[0.786],"y":[1]},"o":{"x":[0.214],"y":[0]},"t":79,"s":[0]},{"i":{"x":[0.833],"y":[1]},"o":{"x":[0.214],"y":[0]},"t":86,"s":[9.021]},{"t":159,"s":[14.207]}],"ix":10},"p":{"a":1,"k":[{"t":64,"s":[-109.18,48.867,0],"h":1},{"i":{"x":0.786,"y":1},"o":{"x":0.214,"y":0},"t":79,"s":[-109.18,48.867,0],"to":[0.333,-6.606,0],"ti":[-0.017,7.08,0]},{"i":{"x":0.5,"y":1},"o":{"x":0.214,"y":0},"t":86,"s":[-107.18,9.231,0],"to":[0.017,-7.08,0],"ti":[0.316,0.474,0]},{"t":159,"s":[-109.075,6.388,0]}],"ix":2},"a":{"a":0,"k":[176.423,84.535,0],"ix":1},"s":{"a":1,"k":[{"i":{"x":[0.5,0.5,0.5],"y":[1,1,1]},"o":{"x":[0.181,0.181,0.181],"y":[0.046,0.066,-1.347]},"t":67,"s":[105,105,100]},{"i":{"x":[0.648,0.648,0.648],"y":[1,1,1]},"o":{"x":[0.5,0.5,0.5],"y":[0,0,0]},"t":75,"s":[119,88,100]},{"i":{"x":[0.5,0.5,0.5],"y":[1,1,1]},"o":{"x":[0.5,0.5,0.5],"y":[0,0,0]},"t":79,"s":[119,88,100]},{"i":{"x":[0.833,0.833,0.833],"y":[1,0.833,1]},"o":{"x":[0.5,0.5,0.5],"y":[0,0,0]},"t":82,"s":[105,113,100]},{"t":87,"s":[105,105,100]}],"ix":6}},"ao":0,"shapes":[{"ty":"gr","it":[{"ind":0,"ty":"sh","ix":1,"ks":{"a":0,"k":{"i":[[0,0],[0.437,-0.997],[1.595,0],[0,0],[0.678,1.038],[0,1.277],[0,0],[0.758,1.478],[2.155,0],[0.797,-1.676],[0,-1.995],[0,0],[0.479,-0.997],[1.595,0],[0,0],[0.638,1.038],[0,1.277],[0,0],[-2.634,5.388],[-4.51,4.031],[-5.907,2.316],[-6.465,0],[-4.591,-1.356],[-4.071,-2.552],[-4.63,1.359],[-5.029,0],[-5.946,-2.314],[-4.47,-4.029],[-2.675,-5.387],[0,-6.146],[0,0],[0.718,-1.036],[1.357,0],[0,0],[0.797,0.999],[0,1.357],[0,0],[0.758,1.676],[2.314,0],[0.838,-1.676],[0,-1.995]],"o":[[0,1.357],[-0.44,0.999],[0,0],[-0.879,0],[-0.679,-1.036],[0,0],[-0.161,-1.835],[-0.759,-1.477],[-2.316,0],[-0.799,1.676],[0,0],[0,1.357],[-0.479,0.999],[0,0],[-0.878,0],[-0.64,-1.036],[0,0],[0,-6.146],[2.634,-5.387],[4.509,-4.029],[5.906,-2.314],[5.029,0],[4.589,1.359],[3.99,-2.552],[4.628,-1.356],[6.465,0],[5.946,2.316],[4.47,4.031],[2.673,5.388],[0,0],[0,1.277],[-0.718,1.038],[0,0],[-1.197,0],[-0.799,-0.997],[0,0],[0,-1.995],[-0.76,-1.676],[-2.316,0],[-0.838,1.676],[0,0]],"v":[[21.491,79.257],[20.833,82.788],[17.779,84.285],[-18.258,84.285],[-20.592,82.729],[-21.609,79.257],[-21.609,-38.192],[-22.987,-43.16],[-27.357,-45.375],[-32.026,-42.861],[-33.222,-37.353],[-33.222,79.257],[-33.941,82.788],[-37.053,84.285],[-73.091,84.285],[-75.365,82.729],[-76.323,79.257],[-76.323,-39.868],[-72.372,-57.168],[-61.657,-71.295],[-46.034,-80.813],[-27.477,-84.285],[-13.049,-82.25],[-0.06,-76.384],[12.87,-82.25],[27.357,-84.285],[45.974,-80.813],[61.598,-71.295],[72.314,-57.168],[76.323,-39.868],[76.323,79.257],[75.247,82.729],[72.133,84.285],[37.414,84.285],[34.421,82.788],[33.224,79.257],[33.224,-37.353],[32.086,-42.861],[27.477,-45.375],[22.747,-42.861],[21.491,-37.353]],"c":true},"ix":2},"nm":"Path 1","mn":"ADBE Vector Shape - Group","hd":false},{"ty":"fl","c":{"a":0,"k":[0.977925857843,0.949271587297,0.929434024586,1],"ix":4},"o":{"a":0,"k":100,"ix":5},"r":1,"bm":0,"nm":"Fill 1","mn":"ADBE Vector Graphic - Fill","hd":false},{"ty":"st","c":{"a":0,"k":[1,1,1,1],"ix":3},"o":{"a":0,"k":100,"ix":4},"w":{"a":0,"k":0,"ix":5},"lc":1,"lj":1,"ml":4,"bm":0,"nm":"Stroke 1","mn":"ADBE Vector Graphic - Stroke","hd":false},{"ty":"tr","p":{"a":0,"k":[176.423,84.535],"ix":2},"a":{"a":0,"k":[0,0],"ix":1},"s":{"a":0,"k":[100,100],"ix":3},"r":{"a":0,"k":0,"ix":6},"o":{"a":0,"k":100,"ix":7},"sk":{"a":0,"k":0,"ix":4},"sa":{"a":0,"k":0,"ix":5},"nm":"Transform"}],"nm":"Group 6","np":3,"cix":2,"bm":0,"ix":1,"mn":"ADBE Vector Group","hd":false}],"ip":-4,"op":192,"st":40,"bm":0},{"ddd":0,"ind":6,"ty":4,"nm":"I mask 2","parent":7,"td":1,"sr":1,"ks":{"o":{"a":0,"k":100,"ix":11},"r":{"a":0,"k":0,"ix":10},"p":{"a":0,"k":[186.132,-65.429,0],"ix":2},"a":{"a":0,"k":[0,0,0],"ix":1},"s":{"a":0,"k":[95.238,95.238,100],"ix":6}},"ao":0,"shapes":[{"ty":"gr","it":[{"ind":0,"ty":"sh","ix":1,"ks":{"a":0,"k":{"i":[[0,0],[0,0]],"o":[[0,0],[0,0]],"v":[[101.5,250.75],[101.5,68.875]],"c":false},"ix":2},"nm":"Path 1","mn":"ADBE Vector Shape - Group","hd":false},{"ty":"st","c":{"a":0,"k":[0.721307992935,0.281163990498,0.281163990498,1],"ix":3},"o":{"a":0,"k":100,"ix":4},"w":{"a":0,"k":49,"ix":5},"lc":1,"lj":1,"ml":4,"bm":0,"nm":"Stroke 1","mn":"ADBE Vector Graphic - Stroke","hd":false},{"ty":"tr","p":{"a":0,"k":[0,0],"ix":2},"a":{"a":0,"k":[0,0],"ix":1},"s":{"a":0,"k":[100,100],"ix":3},"r":{"a":0,"k":0,"ix":6},"o":{"a":0,"k":100,"ix":7},"sk":{"a":0,"k":0,"ix":4},"sa":{"a":0,"k":0,"ix":5},"nm":"Transform"}],"nm":"Shape 1","np":3,"cix":2,"bm":0,"ix":1,"mn":"ADBE Vector Group","hd":false},{"ty":"tm","s":{"a":1,"k":[{"i":{"x":[0.35],"y":[1]},"o":{"x":[0.65],"y":[0]},"t":44,"s":[50]},{"t":64,"s":[0]}],"ix":1},"e":{"a":1,"k":[{"i":{"x":[0.35],"y":[1]},"o":{"x":[0.65],"y":[0]},"t":44,"s":[50]},{"t":64,"s":[100]}],"ix":2},"o":{"a":0,"k":0,"ix":3},"m":1,"ix":2,"nm":"Trim Paths 1","mn":"ADBE Vector Filter - Trim","hd":false}],"ip":48,"op":195,"st":43,"bm":0},{"ddd":0,"ind":7,"ty":4,"nm":"I","parent":1,"tt":1,"sr":1,"ks":{"o":{"a":0,"k":100,"ix":11},"r":{"a":1,"k":[{"i":{"x":[0.67],"y":[1]},"o":{"x":[0.75],"y":[0]},"t":79,"s":[0]},{"i":{"x":[0.833],"y":[1]},"o":{"x":[0.75],"y":[0]},"t":86,"s":[3.626]},{"t":159,"s":[4.626]}],"ix":10},"p":{"a":1,"k":[{"t":64,"s":[2,50.677,0],"h":1},{"i":{"x":0.623,"y":1},"o":{"x":0.449,"y":0},"t":67,"s":[2,50.677,0],"to":[0.282,0,0],"ti":[-0.001,0.841,0]},{"i":{"x":0.608,"y":1},"o":{"x":0.75,"y":0},"t":75,"s":[6.595,50.433,0],"to":[0.002,-2.083,0],"ti":[0,0.321,0]},{"i":{"x":0.67,"y":1},"o":{"x":0.75,"y":0},"t":79,"s":[6.595,50.433,0],"to":[0.002,-2.083,0],"ti":[0.606,2.043,0]},{"i":{"x":0.5,"y":1},"o":{"x":0.75,"y":0},"t":86,"s":[2.014,38.177,0],"to":[-0.606,-2.043,0],"ti":[-0.158,0,0]},{"t":159,"s":[2.961,38.177,0]}],"ix":2},"a":{"a":0,"k":[282.797,85.912,0],"ix":1},"s":{"a":1,"k":[{"i":{"x":[0.5,0.5,0.5],"y":[1,1,1]},"o":{"x":[0.181,0.181,0.181],"y":[0.046,0.066,-1.347]},"t":67,"s":[105,105,100]},{"i":{"x":[0.606,0.606,0.606],"y":[1,1,1]},"o":{"x":[0.5,0.5,0.5],"y":[0,0,0]},"t":75,"s":[119,88,100]},{"i":{"x":[0.5,0.5,0.5],"y":[1,1,1]},"o":{"x":[0.5,0.5,0.5],"y":[0,0,0]},"t":79,"s":[119,88,100]},{"i":{"x":[0.5,0.5,0.5],"y":[1,1,1]},"o":{"x":[0.5,0.5,0.5],"y":[0,0,0]},"t":82,"s":[100.94,100.94,100]},{"t":87,"s":[96.879,96.879,100]}],"ix":6}},"ao":0,"shapes":[{"ty":"gr","it":[{"ind":0,"ty":"sh","ix":1,"ks":{"a":0,"k":{"i":[[0,0],[-3.034,0],[0,0],[0,-3.353],[0,0],[2.953,0],[0,0],[0,3.274]],"o":[[0,-3.353],[0,0],[2.953,0],[0,0],[0,3.274],[0,0],[-3.034,0],[0,0]],"v":[[-21.55,-77.88],[-17.001,-82.908],[17.12,-82.908],[21.55,-77.88],[21.55,77.999],[17.12,82.908],[-17.001,82.908],[-21.55,77.999]],"c":true},"ix":2},"nm":"Path 1","mn":"ADBE Vector Shape - Group","hd":false},{"ty":"fl","c":{"a":0,"k":[0.977925857843,0.949271587297,0.929434024586,1],"ix":4},"o":{"a":0,"k":100,"ix":5},"r":1,"bm":0,"nm":"Fill 1","mn":"ADBE Vector Graphic - Fill","hd":false},{"ty":"tr","p":{"a":0,"k":[282.797,85.912],"ix":2},"a":{"a":0,"k":[0,0],"ix":1},"s":{"a":0,"k":[100,100],"ix":3},"r":{"a":0,"k":0,"ix":6},"o":{"a":0,"k":100,"ix":7},"sk":{"a":0,"k":0,"ix":4},"sa":{"a":0,"k":0,"ix":5},"nm":"Transform"}],"nm":"Group 5","np":2,"cix":2,"bm":0,"ix":1,"mn":"ADBE Vector Group","hd":false}],"ip":-4,"op":192,"st":40,"bm":0},{"ddd":0,"ind":8,"ty":4,"nm":"L mask","parent":9,"td":1,"sr":1,"ks":{"o":{"a":0,"k":100,"ix":11},"r":{"a":0,"k":0,"ix":10},"p":{"a":0,"k":[328.024,-65.429,0],"ix":2},"a":{"a":0,"k":[0,0,0],"ix":1},"s":{"a":0,"k":[95.238,95.238,100],"ix":6}},"ao":0,"shapes":[{"ty":"gr","it":[{"ind":0,"ty":"sh","ix":1,"ks":{"a":0,"k":{"i":[[0,0],[0,0],[0,0]],"o":[[0,0],[0,0],[0,0]],"v":[[6,66.5],[6,227.5],[75.5,227.5]],"c":false},"ix":2},"nm":"Path 1","mn":"ADBE Vector Shape - Group","hd":false},{"ty":"st","c":{"a":0,"k":[0.721307992935,0.281163990498,0.281163990498,1],"ix":3},"o":{"a":0,"k":100,"ix":4},"w":{"a":0,"k":49,"ix":5},"lc":1,"lj":1,"ml":4,"bm":0,"nm":"Stroke 1","mn":"ADBE Vector Graphic - Stroke","hd":false},{"ty":"tr","p":{"a":0,"k":[0,0],"ix":2},"a":{"a":0,"k":[0,0],"ix":1},"s":{"a":0,"k":[100,100],"ix":3},"r":{"a":0,"k":0,"ix":6},"o":{"a":0,"k":100,"ix":7},"sk":{"a":0,"k":0,"ix":4},"sa":{"a":0,"k":0,"ix":5},"nm":"Transform"}],"nm":"Shape 1","np":3,"cix":2,"bm":0,"ix":1,"mn":"ADBE Vector Group","hd":false},{"ty":"tm","s":{"a":1,"k":[{"i":{"x":[0.35],"y":[1]},"o":{"x":[0.65],"y":[0]},"t":41,"s":[40]},{"t":61,"s":[0]}],"ix":1},"e":{"a":1,"k":[{"i":{"x":[0.35],"y":[1]},"o":{"x":[0.65],"y":[0]},"t":41,"s":[40]},{"t":61,"s":[100]}],"ix":2},"o":{"a":0,"k":0,"ix":3},"m":1,"ix":2,"nm":"Trim Paths 1","mn":"ADBE Vector Filter - Trim","hd":false}],"ip":44,"op":192,"st":40,"bm":0},{"ddd":0,"ind":9,"ty":4,"nm":"L","parent":1,"tt":1,"sr":1,"ks":{"o":{"a":0,"k":100,"ix":11},"r":{"a":1,"k":[{"i":{"x":[0.67],"y":[1]},"o":{"x":[0.75],"y":[0]},"t":79,"s":[0]},{"i":{"x":[0.833],"y":[1]},"o":{"x":[0.75],"y":[0]},"t":88,"s":[-4.296]},{"t":159,"s":[-4.967]}],"ix":10},"p":{"a":1,"k":[{"t":64,"s":[79.133,50.677,0],"h":1},{"i":{"x":0.67,"y":1},"o":{"x":0.75,"y":0},"t":79,"s":[79.133,50.677,0],"to":[0.833,-2,0],"ti":[-1.307,2.948,0]},{"i":{"x":0.5,"y":1},"o":{"x":0.75,"y":0},"t":88,"s":[84.133,38.677,0],"to":[1.307,-2.948,0],"ti":[-0.474,0.948,0]},{"t":159,"s":[86.976,32.991,0]}],"ix":2},"a":{"a":0,"k":[355.768,85.912,0],"ix":1},"s":{"a":1,"k":[{"i":{"x":[0.5,0.5,0.5],"y":[1,1,1]},"o":{"x":[0.181,0.181,0.181],"y":[0.046,0.066,-1.347]},"t":67,"s":[105,105,100]},{"i":{"x":[0.648,0.648,0.648],"y":[1,1,1]},"o":{"x":[0.5,0.5,0.5],"y":[0,0,0]},"t":75,"s":[119,88,100]},{"i":{"x":[0.5,0.5,0.5],"y":[1,1,1]},"o":{"x":[0.5,0.5,0.5],"y":[0,0,0]},"t":79,"s":[119,88,100]},{"i":{"x":[0.833,0.833,0.833],"y":[1,0.833,1]},"o":{"x":[0.5,0.5,0.5],"y":[0,0,0]},"t":84,"s":[105,113,100]},{"t":87,"s":[105,105,100]}],"ix":6}},"ao":0,"shapes":[{"ty":"gr","it":[{"ind":0,"ty":"sh","ix":1,"ks":{"a":0,"k":{"i":[[0,0],[-3.033,0],[0,0],[0,-3.353],[0,0],[0,0],[-0.48,-0.758],[0,-1.596],[0,0],[0.478,-0.839],[1.356,0],[0,0],[0,3.274]],"o":[[0,-3.353],[0,0],[2.952,0],[0,0],[0,0],[1.356,0],[0.478,0.76],[0,0],[0,1.598],[-0.48,0.838],[0,0],[-3.033,0],[0,0]],"v":[[-42.202,-77.88],[-37.653,-82.908],[-3.532,-82.908],[0.898,-77.88],[0.898,44.118],[38.731,44.118],[41.485,45.255],[42.202,48.787],[42.202,77.999],[41.485,81.651],[38.731,82.908],[-37.653,82.908],[-42.202,77.999]],"c":true},"ix":2},"nm":"Path 1","mn":"ADBE Vector Shape - Group","hd":false},{"ty":"fl","c":{"a":0,"k":[0.977925857843,0.949271587297,0.929434024586,1],"ix":4},"o":{"a":0,"k":100,"ix":5},"r":1,"bm":0,"nm":"Fill 1","mn":"ADBE Vector Graphic - Fill","hd":false},{"ty":"tr","p":{"a":0,"k":[355.768,85.912],"ix":2},"a":{"a":0,"k":[0,0],"ix":1},"s":{"a":0,"k":[100,100],"ix":3},"r":{"a":0,"k":0,"ix":6},"o":{"a":0,"k":100,"ix":7},"sk":{"a":0,"k":0,"ix":4},"sa":{"a":0,"k":0,"ix":5},"nm":"Transform"}],"nm":"Group 4","np":2,"cix":2,"bm":0,"ix":1,"mn":"ADBE Vector Group","hd":false}],"ip":-4,"op":192,"st":40,"bm":0},{"ddd":0,"ind":10,"ty":4,"nm":"I mask","parent":11,"td":1,"sr":1,"ks":{"o":{"a":0,"k":100,"ix":11},"r":{"a":0,"k":0,"ix":10},"p":{"a":0,"k":[328.5,-65.429,0],"ix":2},"a":{"a":0,"k":[0,0,0],"ix":1},"s":{"a":0,"k":[95.238,95.238,100],"ix":6}},"ao":0,"shapes":[{"ty":"gr","it":[{"ind":0,"ty":"sh","ix":1,"ks":{"a":0,"k":{"i":[[0,0],[0,0]],"o":[[0,0],[0,0]],"v":[[101.5,250.75],[101.5,68.875]],"c":false},"ix":2},"nm":"Path 1","mn":"ADBE Vector Shape - Group","hd":false},{"ty":"st","c":{"a":0,"k":[0.721307992935,0.281163990498,0.281163990498,1],"ix":3},"o":{"a":0,"k":100,"ix":4},"w":{"a":0,"k":49,"ix":5},"lc":1,"lj":1,"ml":4,"bm":0,"nm":"Stroke 1","mn":"ADBE Vector Graphic - Stroke","hd":false},{"ty":"tr","p":{"a":0,"k":[0,0],"ix":2},"a":{"a":0,"k":[0,0],"ix":1},"s":{"a":0,"k":[100,100],"ix":3},"r":{"a":0,"k":0,"ix":6},"o":{"a":0,"k":100,"ix":7},"sk":{"a":0,"k":0,"ix":4},"sa":{"a":0,"k":0,"ix":5},"nm":"Transform"}],"nm":"Shape 1","np":3,"cix":2,"bm":0,"ix":1,"mn":"ADBE Vector Group","hd":false},{"ty":"tm","s":{"a":1,"k":[{"i":{"x":[0.35],"y":[1]},"o":{"x":[0.65],"y":[0]},"t":43,"s":[50]},{"t":63,"s":[0]}],"ix":1},"e":{"a":1,"k":[{"i":{"x":[0.35],"y":[1]},"o":{"x":[0.65],"y":[0]},"t":43,"s":[50]},{"t":63,"s":[100]}],"ix":2},"o":{"a":0,"k":0,"ix":3},"m":1,"ix":2,"nm":"Trim Paths 1","mn":"ADBE Vector Filter - Trim","hd":false}],"ip":46,"op":194,"st":42,"bm":0},{"ddd":0,"ind":11,"ty":4,"nm":"I","parent":1,"tt":1,"sr":1,"ks":{"o":{"a":0,"k":100,"ix":11},"r":{"a":1,"k":[{"i":{"x":[0.67],"y":[1]},"o":{"x":[0.75],"y":[0]},"t":79,"s":[0]},{"i":{"x":[0.833],"y":[1]},"o":{"x":[0.75],"y":[0]},"t":86,"s":[-11.781]},{"t":159,"s":[-14.5]}],"ix":10},"p":{"a":1,"k":[{"t":64,"s":[152.359,50.677,0],"h":1},{"i":{"x":0.67,"y":1},"o":{"x":0.75,"y":0},"t":79,"s":[152.359,50.677,0],"to":[-0.667,-4.25,0],"ti":[0.667,6.145,0]},{"i":{"x":0.5,"y":1},"o":{"x":0.75,"y":0},"t":86,"s":[148.359,25.177,0],"to":[-0.667,-6.145,0],"ti":[0,1.895,0]},{"t":159,"s":[148.359,13.805,0]}],"ix":2},"a":{"a":0,"k":[425.507,85.912,0],"ix":1},"s":{"a":1,"k":[{"i":{"x":[0.5,0.5,0.5],"y":[1,1,1]},"o":{"x":[0.181,0.181,0.181],"y":[0.046,0.066,-1.347]},"t":67,"s":[105,105,100]},{"i":{"x":[0.606,0.606,0.606],"y":[1,1,1]},"o":{"x":[0.5,0.5,0.5],"y":[0,0,0]},"t":75,"s":[119,88,100]},{"i":{"x":[0.5,0.5,0.5],"y":[1,1,1]},"o":{"x":[0.5,0.5,0.5],"y":[0,0,0]},"t":79,"s":[119,88,100]},{"i":{"x":[0.5,0.5,0.5],"y":[1,1,1]},"o":{"x":[0.5,0.5,0.5],"y":[0,0,0]},"t":82,"s":[102.304,102.304,100]},{"t":87,"s":[99.607,99.607,100]}],"ix":6}},"ao":0,"shapes":[{"ty":"gr","it":[{"ind":0,"ty":"sh","ix":1,"ks":{"a":0,"k":{"i":[[0,0],[-3.034,0],[0,0],[0,-3.353],[0,0],[2.952,0],[0,0],[0,3.274]],"o":[[0,-3.353],[0,0],[2.952,0],[0,0],[0,3.274],[0,0],[-3.034,0],[0,0]],"v":[[-21.55,-77.88],[-17.001,-82.908],[17.12,-82.908],[21.55,-77.88],[21.55,77.999],[17.12,82.908],[-17.001,82.908],[-21.55,77.999]],"c":true},"ix":2},"nm":"Path 1","mn":"ADBE Vector Shape - Group","hd":false},{"ty":"fl","c":{"a":0,"k":[0.977925857843,0.949271587297,0.929434024586,1],"ix":4},"o":{"a":0,"k":100,"ix":5},"r":1,"bm":0,"nm":"Fill 1","mn":"ADBE Vector Graphic - Fill","hd":false},{"ty":"tr","p":{"a":0,"k":[425.507,85.912],"ix":2},"a":{"a":0,"k":[0,0],"ix":1},"s":{"a":0,"k":[100,100],"ix":3},"r":{"a":0,"k":0,"ix":6},"o":{"a":0,"k":100,"ix":7},"sk":{"a":0,"k":0,"ix":4},"sa":{"a":0,"k":0,"ix":5},"nm":"Transform"}],"nm":"Group 3","np":2,"cix":2,"bm":0,"ix":1,"mn":"ADBE Vector Group","hd":false}],"ip":-4,"op":192,"st":40,"bm":0},{"ddd":0,"ind":12,"ty":4,"nm":"N mask","parent":13,"td":1,"sr":1,"ks":{"o":{"a":0,"k":100,"ix":11},"r":{"a":0,"k":0,"ix":10},"p":{"a":0,"k":[328.024,-65.429,0],"ix":2},"a":{"a":0,"k":[0,0,0],"ix":1},"s":{"a":0,"k":[95.238,95.238,100],"ix":6}},"ao":0,"shapes":[{"ty":"gr","it":[{"ind":0,"ty":"sh","ix":1,"ks":{"a":0,"k":{"i":[[0,0],[0,0],[25.25,0],[0,-2.5],[0,0]],"o":[[0,0],[0,0],[-25.25,0],[0,2.5],[0,0]],"v":[[213.5,250.5],[213.5,110.5],[185.5,87.5],[157.75,111.5],[157.75,251]],"c":false},"ix":2},"nm":"Path 1","mn":"ADBE Vector Shape - Group","hd":false},{"ty":"st","c":{"a":0,"k":[0.721307992935,0.281163990498,0.281163990498,1],"ix":3},"o":{"a":0,"k":100,"ix":4},"w":{"a":0,"k":49,"ix":5},"lc":1,"lj":1,"ml":4,"bm":0,"nm":"Stroke 1","mn":"ADBE Vector Graphic - Stroke","hd":false},{"ty":"tr","p":{"a":0,"k":[0,0],"ix":2},"a":{"a":0,"k":[0,0],"ix":1},"s":{"a":0,"k":[100,100],"ix":3},"r":{"a":0,"k":0,"ix":6},"o":{"a":0,"k":100,"ix":7},"sk":{"a":0,"k":0,"ix":4},"sa":{"a":0,"k":0,"ix":5},"nm":"Transform"}],"nm":"Shape 1","np":3,"cix":2,"bm":0,"ix":1,"mn":"ADBE Vector Group","hd":false},{"ty":"tm","s":{"a":1,"k":[{"i":{"x":[0.35],"y":[1]},"o":{"x":[0.65],"y":[0]},"t":47,"s":[50]},{"t":67,"s":[0]}],"ix":1},"e":{"a":1,"k":[{"i":{"x":[0.35],"y":[1]},"o":{"x":[0.65],"y":[0]},"t":47,"s":[50]},{"t":67,"s":[100]}],"ix":2},"o":{"a":0,"k":0,"ix":3},"m":1,"ix":2,"nm":"Trim Paths 1","mn":"ADBE Vector Filter - Trim","hd":false}],"ip":50,"op":197,"st":45,"bm":0},{"ddd":0,"ind":13,"ty":4,"nm":"N","parent":1,"tt":1,"sr":1,"ks":{"o":{"a":0,"k":100,"ix":11},"r":{"a":1,"k":[{"i":{"x":[0.41],"y":[1]},"o":{"x":[0.59],"y":[0]},"t":79,"s":[0]},{"i":{"x":[0.833],"y":[1]},"o":{"x":[0.59],"y":[0]},"t":87,"s":[-6.968]},{"t":159,"s":[-9.696]}],"ix":10},"p":{"a":1,"k":[{"t":64,"s":[235.516,49.231,0],"h":1},{"i":{"x":0.41,"y":1},"o":{"x":0.59,"y":0},"t":79,"s":[235.516,49.231,0],"to":[0.25,-7.833,0],"ti":[-0.407,10.049,0]},{"i":{"x":0.5,"y":1},"o":{"x":0.59,"y":0},"t":87,"s":[237.016,2.231,0],"to":[0.407,-10.049,0],"ti":[-0.157,2.216,0]},{"t":159,"s":[237.955,-11.063,0]}],"ix":2},"a":{"a":0,"k":[504.704,84.535,0],"ix":1},"s":{"a":1,"k":[{"i":{"x":[0.5,0.5,0.5],"y":[1,1,1]},"o":{"x":[0.181,0.181,0.181],"y":[0.046,0.066,-1.347]},"t":67,"s":[105,105,100]},{"i":{"x":[0.648,0.648,0.648],"y":[1,1,1]},"o":{"x":[0.5,0.5,0.5],"y":[0,0,0]},"t":75,"s":[119,88,100]},{"i":{"x":[0.5,0.5,0.5],"y":[1,1,1]},"o":{"x":[0.5,0.5,0.5],"y":[0,0,0]},"t":79,"s":[119,88,100]},{"i":{"x":[0.833,0.833,0.833],"y":[1,0.833,1]},"o":{"x":[0.5,0.5,0.5],"y":[0,0,0]},"t":82,"s":[105,113,100]},{"t":87,"s":[105,105,100]}],"ix":6}},"ao":0,"shapes":[{"ty":"gr","it":[{"ind":0,"ty":"sh","ix":1,"ks":{"a":0,"k":{"i":[[0,0],[0.479,-0.997],[1.596,0],[0,0],[0.639,1.038],[0,1.277],[0,0],[-2.634,5.388],[-4.51,4.031],[-5.908,2.316],[-6.465,0],[-5.947,-2.314],[-4.47,-4.029],[-2.675,-5.387],[0,-6.146],[0,0],[0.717,-1.036],[1.357,0],[0,0],[0.796,0.999],[0,1.357],[0,0],[0.756,1.676],[2.314,0],[0.798,-1.676],[0,-1.995]],"o":[[0,1.357],[-0.479,0.999],[0,0],[-0.88,0],[-0.639,-1.036],[0,0],[0,-6.146],[2.633,-5.387],[4.508,-4.029],[5.906,-2.314],[6.465,0],[5.946,2.316],[4.469,4.031],[2.674,5.388],[0,0],[0,1.277],[-0.719,1.038],[0,0],[-1.198,0],[-0.799,-0.997],[0,0],[0,-1.995],[-0.76,-1.676],[-2.316,0],[-0.799,1.676],[0,0]],"v":[[-5.807,79.257],[-6.525,82.788],[-9.638,84.285],[-45.674,84.285],[-47.95,82.729],[-48.907,79.257],[-48.907,-39.868],[-44.956,-57.168],[-34.241,-71.295],[-18.617,-80.813],[-0.06,-84.285],[18.557,-80.813],[34.181,-71.295],[44.896,-57.168],[48.907,-39.868],[48.907,79.257],[47.83,82.729],[44.716,84.285],[9.997,84.285],[7.004,82.788],[5.806,79.257],[5.806,-37.353],[4.67,-42.861],[0.06,-45.375],[-4.61,-42.861],[-5.807,-37.353]],"c":true},"ix":2},"nm":"Path 1","mn":"ADBE Vector Shape - Group","hd":false},{"ty":"fl","c":{"a":0,"k":[0.977925857843,0.949271587297,0.929434024586,1],"ix":4},"o":{"a":0,"k":100,"ix":5},"r":1,"bm":0,"nm":"Fill 1","mn":"ADBE Vector Graphic - Fill","hd":false},{"ty":"tr","p":{"a":0,"k":[504.704,84.535],"ix":2},"a":{"a":0,"k":[0,0],"ix":1},"s":{"a":0,"k":[100,100],"ix":3},"r":{"a":0,"k":0,"ix":6},"o":{"a":0,"k":100,"ix":7},"sk":{"a":0,"k":0,"ix":4},"sa":{"a":0,"k":0,"ix":5},"nm":"Transform"}],"nm":"Group 2","np":2,"cix":2,"bm":0,"ix":1,"mn":"ADBE Vector Group","hd":false}],"ip":-4,"op":192,"st":40,"bm":0},{"ddd":0,"ind":14,"ty":4,"nm":"G mask","parent":15,"td":1,"sr":1,"ks":{"o":{"a":0,"k":100,"ix":11},"r":{"a":0,"k":0,"ix":10},"p":{"a":0,"k":[328.379,-64.575,0],"ix":2},"a":{"a":0,"k":[0,0,0],"ix":1},"s":{"a":0,"k":[95.238,95.238,100],"ix":6}},"ao":0,"shapes":[{"ty":"gr","it":[{"ind":0,"ty":"sh","ix":1,"ks":{"a":0,"k":{"i":[[0,0],[0,0],[23.127,2.392],[0,-13.25],[0,0],[-24,0],[0,2.25],[0,0],[0,0]],"o":[[0,0],[0,0],[-14.5,-1.5],[0,13.25],[0,0],[24,0],[0,-2.25],[0,0],[0,0]],"v":[[321.75,137.75],[321.75,112.25],[295.25,88.5],[266.312,112.25],[266.25,207.25],[295.25,228.75],[324.75,208.25],[324.75,165.375],[292.5,165.5]],"c":false},"ix":2},"nm":"Path 1","mn":"ADBE Vector Shape - Group","hd":false},{"ty":"st","c":{"a":0,"k":[0.721307992935,0.281163990498,0.281163990498,1],"ix":3},"o":{"a":0,"k":100,"ix":4},"w":{"a":0,"k":47,"ix":5},"lc":1,"lj":1,"ml":4,"bm":0,"nm":"Stroke 1","mn":"ADBE Vector Graphic - Stroke","hd":false},{"ty":"tr","p":{"a":0,"k":[0,0],"ix":2},"a":{"a":0,"k":[0,0],"ix":1},"s":{"a":0,"k":[100,100],"ix":3},"r":{"a":0,"k":0,"ix":6},"o":{"a":0,"k":100,"ix":7},"sk":{"a":0,"k":0,"ix":4},"sa":{"a":0,"k":0,"ix":5},"nm":"Transform"}],"nm":"Shape 1","np":3,"cix":2,"bm":0,"ix":1,"mn":"ADBE Vector Group","hd":false},{"ty":"tm","s":{"a":1,"k":[{"i":{"x":[0.35],"y":[1]},"o":{"x":[0.65],"y":[0]},"t":52,"s":[43]},{"t":68,"s":[0]}],"ix":1},"e":{"a":1,"k":[{"i":{"x":[0.35],"y":[1]},"o":{"x":[0.65],"y":[0]},"t":52,"s":[43]},{"t":68,"s":[100]}],"ix":2},"o":{"a":0,"k":0,"ix":3},"m":1,"ix":2,"nm":"Trim Paths 1","mn":"ADBE Vector Filter - Trim","hd":false}],"ip":55,"op":195,"st":43,"bm":0},{"ddd":0,"ind":15,"ty":4,"nm":"G","parent":1,"tt":1,"sr":1,"ks":{"o":{"a":0,"k":100,"ix":11},"r":{"a":1,"k":[{"i":{"x":[0.786],"y":[1]},"o":{"x":[0.214],"y":[0]},"t":79,"s":[0]},{"i":{"x":[0.833],"y":[1]},"o":{"x":[0.214],"y":[0]},"t":86,"s":[-15.13]},{"t":159,"s":[-14.037]}],"ix":10},"p":{"a":1,"k":[{"t":64,"s":[344.57,49.844,0],"h":1},{"i":{"x":0.786,"y":1},"o":{"x":0.435,"y":0.055},"t":79,"s":[344.57,49.844,0],"to":[-0.042,-1.027,0],"ti":[0.271,18.229,0]},{"i":{"x":0.5,"y":1},"o":{"x":0.214,"y":0},"t":86,"s":[342.943,-46.26,0],"to":[-0.271,-18.229,0],"ti":[0,2.211,0]},{"t":159,"s":[342.943,-59.528,0]}],"ix":2},"a":{"a":0,"k":[608.444,85.972,0],"ix":1},"s":{"a":1,"k":[{"i":{"x":[0.5,0.5,0.5],"y":[1,1,1]},"o":{"x":[0.181,0.181,0.181],"y":[0.046,0.066,-1.347]},"t":67,"s":[105,105,100]},{"i":{"x":[0.648,0.648,0.648],"y":[1,1,1]},"o":{"x":[0.5,0.5,0.5],"y":[0,0,0]},"t":75,"s":[119,88,100]},{"i":{"x":[0.5,0.5,0.5],"y":[1,1,1]},"o":{"x":[0.634,0.652,0.5],"y":[0,0,0]},"t":79,"s":[119,88,100]},{"i":{"x":[0.833,0.833,0.833],"y":[1,0.833,1]},"o":{"x":[0.724,0.753,0.5],"y":[0,0,0]},"t":82,"s":[105,111,100]},{"t":88,"s":[105,105,100]}],"ix":6}},"ao":0,"shapes":[{"ty":"gr","it":[{"ind":0,"ty":"sh","ix":1,"ks":{"a":0,"k":{"i":[[-0.958,-1.356],[-1.915,0],[-1.198,1.316],[0,1.915],[0,0],[0,0],[0.479,0.76],[0,1.597],[0,0],[-0.479,0.797],[-1.358,0],[0,0],[0,-3.191],[0,0],[2.433,-5.508],[4.229,-3.751],[5.706,-1.915],[6.544,0],[5.905,1.916],[4.508,3.712],[2.635,5.548],[0,7.264],[0,0],[-2.634,5.548],[-4.511,3.712],[-5.908,1.916],[-6.465,0],[-4.908,-1.596],[-3.394,-2.633],[-2.155,-3.272],[-1.197,-3.351],[-0.439,-3.114],[0,-2.233],[0,0],[0.557,-0.878],[1.755,0],[0,0],[0.519,0.799],[0,1.598],[0,0],[0.198,0.918],[0.479,0.76],[0.838,0.48],[1.197,0],[0.797,-1.356],[0,-1.994],[0,0]],"o":[[0.957,1.357],[2.075,0],[1.197,-1.318],[0,0],[0,0],[-1.358,0],[-0.479,-0.758],[0,0],[0,-1.595],[0.479,-0.798],[0,0],[3.192,0],[0,0],[0,7.264],[-2.436,5.506],[-4.232,3.752],[-5.708,1.916],[-6.465,0],[-5.908,-1.915],[-4.511,-3.711],[-2.634,-5.547],[0,0],[0,-7.184],[2.635,-5.546],[4.508,-3.711],[5.905,-1.916],[6.624,0],[4.91,1.596],[3.39,2.634],[2.155,3.274],[1.197,3.353],[0.439,3.112],[0,0],[0,1.915],[-0.559,0.879],[0,0],[-1.517,0],[-0.519,-0.797],[0,0],[0,-0.797],[-0.2,-0.917],[-0.479,-0.756],[-0.839,-0.478],[-1.995,0],[-0.799,1.358],[0,0],[0,2.475]],"v":[[-3.352,44.657],[0.958,46.692],[5.867,44.717],[7.663,39.868],[7.663,24.424],[3.233,24.424],[0.479,23.286],[-0.24,19.754],[-0.24,-6.107],[0.479,-9.697],[3.233,-10.895],[43.1,-10.895],[47.889,-6.107],[47.889,41.184],[44.238,60.341],[34.241,74.228],[19.335,82.728],[0.958,85.602],[-17.599,82.728],[-33.223,74.288],[-43.939,60.4],[-47.889,41.184],[-47.889,-41.305],[-43.939,-60.401],[-33.223,-74.288],[-17.599,-82.729],[0.958,-85.602],[18.257,-83.207],[30.71,-76.863],[39.03,-68.003],[44.058,-58.067],[46.512,-48.368],[47.171,-40.347],[47.171,-27.896],[46.333,-23.705],[42.861,-22.389],[10.775,-22.389],[7.722,-23.586],[6.944,-27.178],[6.944,-39.15],[6.645,-41.724],[5.627,-44.239],[3.652,-46.094],[0.598,-46.812],[-3.591,-44.777],[-4.789,-39.748],[-4.789,38.91]],"c":true},"ix":2},"nm":"Path 1","mn":"ADBE Vector Shape - Group","hd":false},{"ty":"fl","c":{"a":0,"k":[0.977925857843,0.949271587297,0.929434024586,1],"ix":4},"o":{"a":0,"k":100,"ix":5},"r":1,"bm":0,"nm":"Fill 1","mn":"ADBE Vector Graphic - Fill","hd":false},{"ty":"tr","p":{"a":0,"k":[608.444,85.972],"ix":2},"a":{"a":0,"k":[0,0],"ix":1},"s":{"a":0,"k":[100,100],"ix":3},"r":{"a":0,"k":0,"ix":6},"o":{"a":0,"k":100,"ix":7},"sk":{"a":0,"k":0,"ix":4},"sa":{"a":0,"k":0,"ix":5},"nm":"Transform"}],"nm":"Group 1","np":2,"cix":2,"bm":0,"ix":1,"mn":"ADBE Vector Group","hd":false}],"ip":-4,"op":192,"st":40,"bm":0}]}],"layers":[{"ddd":0,"ind":1,"ty":0,"nm":"TEXT smiling","refId":"comp_0","sr":1,"ks":{"o":{"a":0,"k":100,"ix":11},"r":{"a":0,"k":0,"ix":10},"p":{"a":0,"k":[540,468,0],"ix":2},"a":{"a":0,"k":[960,540,0],"ix":1},"s":{"a":0,"k":[100,100,100],"ix":6}},"ao":0,"w":1920,"h":1080,"ip":-41,"op":72,"st":-41,"bm":0},{"ddd":0,"ind":3,"ty":1,"nm":"Medium Orange Solid 2","sr":1,"ks":{"o":{"a":0,"k":100,"ix":11},"r":{"a":0,"k":0,"ix":10},"p":{"a":0,"k":[540,540,0],"ix":2},"a":{"a":0,"k":[960,540,0],"ix":1},"s":{"a":0,"k":[100,100,100],"ix":6}},"ao":0,"sw":1920,"sh":1080,"sc":"#fda113","ip":0,"op":73,"st":0,"bm":0}],"markers":[]}