{"v":"5.9.0","fr":29.9700012207031,"ip":0,"op":36.0000014663101,"w":1920,"h":1080,"nm":"Multi Text Animation","ddd":0,"assets":[],"fonts":{"list":[{"origin":0,"fPath":"","fClass":"","fFamily":"News706 BT","fWeight":"","fStyle":"Bold","fName":"News706BT-BoldC","ascent":77.099609375},{"origin":0,"fPath":"","fClass":"","fFamily":"Kefa","fWeight":"","fStyle":"Regular","fName":"Kefa-Regular","ascent":69.5785522460938}]},"layers":[{"ddd":0,"ind":1,"ty":5,"nm":"CodmericInfotec","sr":1,"ks":{"o":{"a":0,"k":100,"ix":11},"r":{"a":1,"k":[{"i":{"x":[0.833],"y":[0.833]},"o":{"x":[0.167],"y":[0.167]},"t":0,"s":[0]},{"i":{"x":[0.833],"y":[0.833]},"o":{"x":[0.167],"y":[0.167]},"t":15,"s":[1435]},{"t":29.0000011811942,"s":[-180]}],"ix":10},"p":{"a":1,"k":[{"i":{"x":0.833,"y":0.833},"o":{"x":0.167,"y":0.167},"t":0,"s":[2186,682,0],"to":[0,0,0],"ti":[0,0,0]},{"i":{"x":0.833,"y":0.833},"o":{"x":0.167,"y":0.167},"t":15,"s":[1159.695,742,0],"to":[0,0,0],"ti":[0,0,0]},{"t":29.0000011811942,"s":[950,798,0]}],"ix":2,"l":2},"a":{"a":0,"k":[0,0,0],"ix":1,"l":2},"s":{"a":1,"k":[{"i":{"x":[0.833,0.833,0.833],"y":[0.833,0.833,0.833]},"o":{"x":[0.167,0.167,0.167],"y":[0.167,0.167,0.167]},"t":0,"s":[100,100,100]},{"i":{"x":[0.833,0.833,0.833],"y":[0.833,0.833,0.833]},"o":{"x":[0.167,0.167,0.167],"y":[0.167,0.167,0.167]},"t":15,"s":[-268,-268,100]},{"t":29.0000011811942,"s":[-150,-150,100]}],"ix":6,"l":2}},"ao":0,"t":{"d":{"k":[{"s":{"sz":[1388,108],"ps":[-694,-150],"s":94,"f":"Kefa-Regular","t":"CodmericInfotec","ca":0,"j":2,"tr":0,"lh":112.800003051758,"ls":0,"fc":[0,1,0.145]},"t":0}]},"p":{},"m":{"g":1,"a":{"a":0,"k":[0,0],"ix":2}},"a":[]},"ip":0,"op":900.000036657751,"st":0,"bm":0},{"ddd":0,"ind":2,"ty":5,"nm":"DEMO2","sr":1,"ks":{"o":{"a":1,"k":[{"i":{"x":[0.833],"y":[0.833]},"o":{"x":[0.167],"y":[0.167]},"t":0,"s":[100]},{"t":15.0000006109625,"s":[66]}],"ix":11},"r":{"a":1,"k":[{"i":{"x":[0.833],"y":[0.833]},"o":{"x":[0.167],"y":[0.167]},"t":0,"s":[0]},{"i":{"x":[0.833],"y":[0.833]},"o":{"x":[0.167],"y":[0.167]},"t":15,"s":[-191]},{"t":29.0000011811942,"s":[0]}],"ix":10},"p":{"a":1,"k":[{"i":{"x":0.453,"y":0.443},"o":{"x":0.621,"y":0},"t":0,"s":[508,42,0],"to":[0,0,0],"ti":[0,0,0]},{"i":{"x":0.447,"y":0.949},"o":{"x":0.162,"y":0.097},"t":15,"s":[345.345,328.913,0],"to":[0,0,0],"ti":[0,0,0]},{"t":29.0000011811942,"s":[860,438,0]}],"ix":2,"l":2},"a":{"a":0,"k":[0,0,0],"ix":1,"l":2},"s":{"a":1,"k":[{"i":{"x":[0.833,0.833,0.833],"y":[0.833,0.833,0.833]},"o":{"x":[0.167,0.167,0.167],"y":[0.167,0.167,0.167]},"t":0,"s":[100,100,100]},{"i":{"x":[0.833,0.833,0.833],"y":[0.833,0.833,0.833]},"o":{"x":[0.167,0.167,0.167],"y":[0.167,0.167,0.167]},"t":15,"s":[104,104,100]},{"t":29.0000011811942,"s":[89,89,100]}],"ix":6,"l":2}},"ao":0,"t":{"d":{"k":[{"s":{"sz":[1560,184],"ps":[-760,-106],"s":224,"f":"News706BT-BoldC","t":"DEMO2","ca":0,"j":2,"tr":0,"lh":268.800018310547,"ls":0,"fc":[1,0,0],"sc":[0,0,0],"sw":4,"of":true},"t":0}]},"p":{},"m":{"g":1,"a":{"a":0,"k":[0,0],"ix":2}},"a":[]},"ip":0,"op":900.000036657751,"st":0,"bm":0}],"markers":[]}